,0,1,2,3,4,5,6,7
0,0.0,4.501793,-4.8223886,0.0,30.0,-20.0,2.0,4.0
1,0.0,2.1048427,-2.696871,0.0,-15.0,-20.0,2.0,2.0
2,0.0,2.2161057,-2.835762,0.0,-30.0,20.0,2.0,2.0
3,0.0,4.3233356,-4.5536695,0.0,0.0,0.0,2.0,0.0
4,0.0,3.3579714,-4.070694,0.0,-30.0,40.0,2.0,3.0
5,0.0,1.9669901,-2.589888,0.0,-15.0,-40.0,2.0,10.0
6,0.0,1.9383104,-2.0376918,0.0,0.0,-40.0,2.0,1.0
7,0.0,4.0435543,-4.699422,0.0,-15.0,40.0,2.0,10.0
8,0.0,2.2347772,-2.8292093,0.0,0.0,-20.0,2.0,2.0
9,0.0,2.3065364,-2.4066787,0.0,0.0,20.0,2.0,1.0
10,0.0,2.180948,-2.8546486,0.0,-15.0,-40.0,2.0,10.0
11,0.0,2.9219093,-3.0768514,0.0,30.0,-40.0,2.0,5.0
12,0.0,4.5468655,-4.9933567,0.0,15.0,-40.0,2.0,10.0
13,0.0,4.684857,-4.9357076,0.0,-15.0,-20.0,2.0,3.0
14,0.0,0.82152194,-1.3040191,0.0,-15.0,-20.0,2.0,6.0
15,0.0,1.9407139,-2.040395,0.0,15.0,40.0,2.0,1.0
16,0.0,3.8670073,-4.5299187,0.0,15.0,40.0,2.0,10.0
17,0.0,3.6577358,-4.356299,0.0,-30.0,40.0,2.0,5.0
18,0.0,2.6216805,-2.6692085,0.0,-30.0,0.0,2.0,1.0
19,0.0,2.8942723,-3.6793466,0.0,15.0,-40.0,2.0,10.0
20,0.0,4.200854,-4.8293757,0.0,0.0,-40.0,2.0,10.0
21,0.0,2.3121188,-2.9731944,0.0,0.0,-20.0,2.0,10.0
22,0.0,3.1391125,-3.7874327,0.0,30.0,-20.0,2.0,2.0
23,0.0,1.5826064,-2.141622,0.0,-30.0,0.0,2.0,2.0
24,0.0,3.3861697,-4.0323653,0.0,0.0,20.0,2.0,4.0
25,0.0,1.5492756,-2.135705,0.0,-15.0,-20.0,2.0,10.0
26,0.0,4.6123967,-4.9601507,0.0,30.0,-20.0,2.0,10.0
27,0.0,3.4991984,-4.1857185,0.0,-15.0,40.0,2.0,6.0
28,0.0,3.2550566,-3.9382744,0.0,0.0,20.0,2.0,10.0
29,0.0,2.9198012,-3.6218991,0.0,-15.0,40.0,2.0,10.0
30,0.0,3.3737724,-4.0678425,0.0,30.0,-20.0,2.0,10.0
31,0.0,4.6157327,-4.9481273,0.0,15.0,40.0,2.0,10.0
32,0.0,2.1823058,-2.8688548,0.0,-15.0,40.0,2.0,10.0
33,0.0,3.444311,-4.144795,0.0,15.0,20.0,2.0,6.0
34,0.0,2.0495625,-2.1276863,0.0,-30.0,20.0,2.0,1.0
35,0.0,1.6414269,-2.2836604,0.0,-30.0,-40.0,2.0,6.0
36,0.0,3.968858,-4.6218934,0.0,0.0,40.0,2.0,6.0
37,0.0,2.7311215,-2.7131772,0.0,15.0,-20.0,2.0,5.0
38,0.0,4.4291835,-4.61417,0.0,-15.0,0.0,2.0,3.0
39,0.0,1.4859113,-2.0732493,0.0,-30.0,-20.0,2.0,10.0
40,0.0,2.4661841,-3.026478,0.0,-30.0,-20.0,2.0,0.0
41,0.0,2.8320806,-2.9286387,0.0,-15.0,-20.0,2.0,1.0
42,0.0,4.3597727,-4.5877113,0.0,30.0,20.0,2.0,4.0
43,0.0,4.0608735,-4.7072697,0.0,15.0,40.0,2.0,10.0
44,0.0,3.665765,-4.3702226,0.0,15.0,-40.0,2.0,10.0
45,0.0,4.440922,-4.8350863,0.0,30.0,0.0,2.0,4.0
46,0.0,4.2391114,-4.416573,0.0,30.0,0.0,2.0,6.0
47,0.0,2.3904243,-3.0934026,0.0,-30.0,40.0,2.0,10.0
48,0.0,1.6297158,-2.224821,0.0,-30.0,-20.0,2.0,10.0
49,0.0,4.067482,-4.2824016,0.0,-30.0,0.0,2.0,4.0
50,0.0,3.8969703,-4.564864,0.0,-15.0,-40.0,2.0,5.0
51,0.0,4.1927347,-4.765811,0.0,0.0,-20.0,2.0,10.0
52,0.0,1.9111222,-2.5369084,0.0,-30.0,20.0,2.0,10.0
53,0.0,4.667113,-5.0053473,0.0,0.0,-20.0,2.0,3.0
54,0.0,2.906813,-2.9987023,0.0,30.0,0.0,2.0,1.0
55,0.0,1.5778068,-2.1430767,0.0,-15.0,0.0,2.0,10.0
56,0.0,4.6155443,-4.897178,0.0,15.0,-20.0,2.0,3.0
57,0.0,2.8420606,-3.519347,0.0,-15.0,20.0,2.0,10.0
58,0.0,1.7333225,-2.2867236,0.0,0.0,0.0,2.0,6.0
59,0.0,3.5413027,-4.2417197,0.0,-15.0,20.0,2.0,5.0
60,0.0,1.9425379,-2.5768337,0.0,-30.0,-20.0,2.0,10.0
61,0.0,3.7737887,-4.126809,0.0,-30.0,-40.0,2.0,0.0
62,0.0,4.573645,-5.019488,0.0,0.0,40.0,2.0,10.0
63,0.0,2.537914,-3.2228034,0.0,0.0,20.0,2.0,6.0
64,0.0,4.3891335,-4.6027875,0.0,30.0,40.0,2.0,10.0
65,0.0,2.0300064,-2.648898,0.0,0.0,20.0,2.0,10.0
66,0.0,4.024133,-4.214662,0.0,15.0,0.0,2.0,4.0
67,0.0,4.176785,-4.3386393,0.0,30.0,-20.0,2.0,6.0
68,0.0,4.4098444,-4.8910213,0.0,-15.0,40.0,2.0,4.0
69,0.0,4.1141586,-4.314109,0.0,-15.0,0.0,2.0,4.0
70,0.0,1.4859921,-2.0613651,0.0,-30.0,0.0,2.0,10.0
71,0.0,4.6124525,-4.9998593,0.0,-15.0,-40.0,2.0,3.0
72,0.0,2.588011,-3.2844133,0.0,15.0,0.0,2.0,10.0
73,0.0,4.550965,-4.8658895,0.0,30.0,-40.0,2.0,10.0
74,0.0,0.73588896,-1.2342108,0.0,-30.0,-20.0,2.0,6.0
75,0.0,2.1477275,-2.7541373,0.0,-30.0,-40.0,2.0,2.0
76,0.0,2.1263695,-2.2029328,0.0,-30.0,-40.0,2.0,1.0
77,0.0,4.511896,-4.9270983,0.0,0.0,-40.0,2.0,4.0
78,0.0,1.4954386,-1.6245394,0.0,15.0,40.0,2.0,5.0
79,0.0,2.0050287,-2.6124182,0.0,-15.0,20.0,2.0,10.0
80,0.0,3.4739738,-4.199191,0.0,30.0,-40.0,2.0,10.0
81,0.0,4.644402,-5.016303,0.0,0.0,-40.0,2.0,3.0
82,0.0,2.8176491,-3.5417964,0.0,0.0,40.0,2.0,10.0
83,0.0,4.332032,-4.9162,0.0,0.0,40.0,2.0,2.0
84,0.0,0.8102491,-0.703612,0.0,-15.0,40.0,2.0,1.0
85,0.0,2.4142787,-3.0787363,0.0,-30.0,40.0,2.0,2.0
86,0.0,2.547364,-3.2746265,0.0,30.0,20.0,2.0,10.0
87,0.0,3.191764,-3.9065528,0.0,-30.0,20.0,2.0,5.0
88,0.0,2.0921853,-2.2233293,0.0,0.0,40.0,2.0,1.0
89,0.0,1.3248302,-1.8545783,0.0,-15.0,0.0,2.0,10.0
90,0.0,4.497231,-4.9398975,0.0,15.0,0.0,2.0,5.0
91,0.0,1.5101141,-2.0984309,0.0,-30.0,-20.0,2.0,10.0
92,0.0,3.7147064,-4.4274716,0.0,-30.0,40.0,2.0,4.0
93,0.0,1.606034,-1.6754823,0.0,15.0,-40.0,2.0,1.0
94,0.0,0.83928525,-1.3084008,0.0,-15.0,0.0,2.0,6.0
95,0.0,3.6166475,-4.32074,0.0,15.0,-20.0,2.0,10.0
96,0.0,2.2028236,-2.81689,0.0,0.0,0.0,2.0,2.0
97,0.0,3.1174216,-3.7921617,0.0,-15.0,-40.0,2.0,2.0
98,0.0,4.436901,-4.91981,0.0,30.0,20.0,2.0,10.0
99,0.0,3.1713212,-3.8271613,0.0,15.0,20.0,2.0,2.0
100,0.0,3.6799917,-4.3122473,0.0,30.0,40.0,2.0,10.0
101,0.0,2.230381,-2.2791233,0.0,-15.0,20.0,2.0,1.0
102,0.0,3.1173148,-3.8481908,0.0,0.0,40.0,2.0,10.0
103,0.0,2.8747826,-3.543002,0.0,30.0,-40.0,2.0,2.0
104,0.0,4.527643,-4.7935786,0.0,15.0,20.0,2.0,3.0
105,0.0,2.8926654,-2.982537,0.0,15.0,-20.0,2.0,0.0
106,0.0,4.0774117,-4.280205,0.0,-15.0,20.0,2.0,4.0
107,0.0,3.9245527,-4.553006,0.0,15.0,0.0,2.0,10.0
108,0.0,2.350484,-3.0361478,0.0,0.0,-40.0,2.0,10.0
109,0.0,1.6757871,-2.3191087,0.0,-30.0,-40.0,2.0,10.0
110,0.0,2.1140661,-2.1597865,0.0,30.0,-40.0,2.0,1.0
111,0.0,3.5284152,-4.2172785,0.0,-15.0,40.0,2.0,0.0
112,0.0,1.9320357,-2.5177984,0.0,0.0,20.0,2.0,2.0
113,0.0,0.87165195,-1.3522159,0.0,-30.0,0.0,2.0,6.0
114,0.0,2.3764694,-3.0717463,0.0,15.0,20.0,2.0,10.0
115,0.0,4.50903,-4.8567195,0.0,0.0,-20.0,2.0,4.0
116,0.0,1.8892668,-2.541611,0.0,-30.0,-20.0,2.0,5.0
117,0.0,2.0366807,-2.71137,0.0,-30.0,40.0,2.0,10.0
118,0.0,4.0968027,-4.3109126,0.0,30.0,0.0,2.0,0.0
119,0.0,3.3421814,-3.9951735,0.0,-30.0,20.0,2.0,3.0
120,0.0,1.5718149,-2.1943147,0.0,-30.0,20.0,2.0,6.0
121,0.0,1.2976736,-1.7345107,0.0,30.0,20.0,2.0,0.0
122,0.0,3.3872137,-4.1133842,0.0,15.0,40.0,2.0,10.0
123,0.0,3.9984374,-4.5989103,0.0,15.0,20.0,2.0,0.0
124,0.0,3.7376463,-3.9503057,0.0,30.0,40.0,2.0,0.0
125,0.0,4.007421,-4.6716757,0.0,30.0,-40.0,2.0,10.0
126,0.0,4.4475307,-4.7981625,0.0,30.0,0.0,2.0,10.0
127,0.0,2.9373617,-3.6559358,0.0,0.0,-40.0,2.0,10.0
128,0.0,1.4350597,-2.1039395,0.0,-30.0,40.0,2.0,10.0
129,0.0,3.2384124,-3.9850674,0.0,-30.0,40.0,2.0,10.0
130,0.0,2.9978268,-3.6743484,0.0,0.0,-20.0,2.0,10.0
131,0.0,2.6749132,-3.334152,0.0,-15.0,20.0,2.0,2.0
132,0.0,3.802873,-4.4595227,0.0,30.0,-20.0,2.0,10.0
133,0.0,4.5092483,-4.7943587,0.0,30.0,40.0,2.0,6.0
134,0.0,1.7387824,-2.3489032,0.0,-30.0,-20.0,2.0,2.0
135,0.0,2.504856,-3.153139,0.0,0.0,0.0,2.0,10.0
136,0.0,4.069937,-4.2275176,0.0,0.0,40.0,2.0,4.0
137,0.0,2.883902,-3.579134,0.0,-30.0,20.0,2.0,10.0
138,0.0,3.7366223,-4.4008718,0.0,30.0,20.0,2.0,10.0
139,0.0,4.2480183,-4.4042177,0.0,30.0,40.0,2.0,4.0
140,0.0,3.5767407,-4.2362,0.0,-15.0,20.0,2.0,0.0
141,0.0,4.610589,-4.9070663,0.0,-15.0,40.0,2.0,3.0
142,0.0,2.2101026,-2.8771827,0.0,-30.0,-40.0,2.0,10.0
143,0.0,2.0593984,-2.1851616,0.0,30.0,20.0,2.0,1.0
144,0.0,1.4864256,-2.0515215,0.0,-15.0,-20.0,2.0,10.0
145,0.0,3.834489,-4.5044637,0.0,-30.0,0.0,2.0,0.0
146,0.0,3.8048227,-4.406652,0.0,15.0,-20.0,2.0,2.0
147,0.0,4.356724,-4.642167,0.0,0.0,0.0,2.0,4.0
148,0.0,2.2487786,-2.8812175,0.0,0.0,20.0,2.0,10.0
149,0.0,4.027623,-4.1653595,0.0,15.0,40.0,2.0,4.0
150,0.0,2.537889,-3.1995068,0.0,-15.0,0.0,2.0,10.0
151,0.0,1.5031915,-1.5470793,0.0,30.0,40.0,2.0,1.0
152,0.0,1.6075865,-2.1873467,0.0,0.0,0.0,2.0,10.0
153,0.0,4.3687105,-4.693338,0.0,15.0,-40.0,2.0,4.0
154,0.0,4.2870064,-4.5334244,0.0,-15.0,-20.0,2.0,4.0
155,0.0,3.9711328,-4.1408195,0.0,15.0,40.0,2.0,3.0
156,0.0,3.4610405,-3.588379,0.0,30.0,-20.0,2.0,5.0
157,0.0,2.5919394,-3.2433367,0.0,15.0,0.0,2.0,10.0
158,0.0,3.5676064,-3.7044508,0.0,0.0,-40.0,2.0,0.0
159,0.0,2.7597942,-3.4668071,0.0,15.0,20.0,2.0,10.0
160,0.0,1.856446,-2.457398,0.0,-15.0,-20.0,2.0,10.0
161,0.0,4.337994,-4.6585155,0.0,15.0,0.0,2.0,0.0
162,0.0,3.8535643,-4.5215936,0.0,30.0,-40.0,2.0,6.0
163,0.0,3.7216902,-3.9238086,0.0,30.0,-40.0,2.0,3.0
164,0.0,4.283243,-4.5760627,0.0,15.0,20.0,2.0,4.0
165,0.0,2.7185946,-3.4000065,0.0,-15.0,0.0,2.0,0.0
166,0.0,3.8522866,-4.5112224,0.0,15.0,20.0,2.0,10.0
167,0.0,2.0811903,-2.7744908,0.0,0.0,-40.0,2.0,10.0
168,0.0,3.4176733,-3.8399591,0.0,15.0,20.0,2.0,5.0
169,0.0,4.451765,-4.6888585,0.0,-15.0,-40.0,2.0,0.0
170,0.0,2.7686713,-3.4194593,0.0,0.0,-40.0,2.0,6.0
171,0.0,1.565902,-1.5369664,0.0,15.0,-20.0,2.0,1.0
172,0.0,2.2081673,-2.8532565,0.0,0.0,-20.0,2.0,10.0
173,0.0,4.1377854,-4.731335,0.0,30.0,0.0,2.0,10.0
174,0.0,1.8149841,-2.4099295,0.0,-15.0,20.0,2.0,10.0
175,0.0,4.5359,-4.915825,0.0,30.0,0.0,2.0,3.0
176,0.0,4.284332,-4.4862556,0.0,15.0,-20.0,2.0,4.0
177,0.0,2.6210403,-3.2950494,0.0,-15.0,-20.0,2.0,10.0
178,0.0,3.1932938,-3.9366364,0.0,-30.0,-40.0,2.0,5.0
179,0.0,4.3485665,-4.537581,0.0,-30.0,-20.0,2.0,3.0
180,0.0,3.6651685,-4.3565645,0.0,-15.0,-40.0,2.0,10.0
181,0.0,4.5587516,-4.7925115,0.0,30.0,20.0,2.0,3.0
182,0.0,2.7478545,-3.487465,0.0,-15.0,40.0,2.0,10.0
183,0.0,2.5467224,-3.2319808,0.0,-15.0,0.0,2.0,5.0
184,0.0,4.175249,-4.3852334,0.0,30.0,-20.0,2.0,0.0
185,0.0,2.3938751,-2.4388978,0.0,-30.0,-20.0,2.0,1.0
186,0.0,4.2869515,-4.880632,0.0,30.0,40.0,2.0,10.0
187,0.0,1.4650006,-2.037827,0.0,-30.0,0.0,2.0,10.0
188,0.0,3.3825274,-4.082764,0.0,0.0,40.0,2.0,10.0
189,0.0,3.5363045,-4.1596794,0.0,15.0,0.0,2.0,6.0
190,0.0,3.851872,-4.5070453,0.0,15.0,-20.0,2.0,10.0
191,0.0,1.3071101,-1.8348767,0.0,-15.0,0.0,2.0,10.0
192,0.0,4.5234103,-4.8880315,0.0,15.0,-40.0,2.0,3.0
193,0.0,3.7513804,-4.389773,0.0,0.0,40.0,2.0,0.0
194,0.0,3.0357163,-3.7065146,0.0,15.0,-40.0,2.0,2.0
195,0.0,2.0744307,-2.7202137,0.0,-30.0,0.0,2.0,10.0
196,0.0,3.6090488,-4.3167825,0.0,15.0,-20.0,2.0,10.0
197,0.0,3.0576,-3.7469788,0.0,-30.0,20.0,2.0,0.0
198,0.0,4.571581,-4.9467134,0.0,30.0,-40.0,2.0,4.0
199,0.0,4.4693213,-4.7550077,0.0,-15.0,-40.0,2.0,4.0
200,0.0,2.1517372,-2.8076699,0.0,-15.0,20.0,2.0,6.0
201,0.0,3.2986693,-3.9417276,0.0,15.0,0.0,2.0,2.0
202,0.0,3.7263594,-3.8451781,0.0,0.0,-20.0,2.0,1.0
203,0.0,2.4819658,-2.5190253,0.0,15.0,0.0,2.0,1.0
204,0.0,3.2839472,-3.4278595,0.0,15.0,-40.0,2.0,5.0
205,0.0,4.2315803,-4.5592866,0.0,-15.0,-20.0,2.0,0.0
206,0.0,1.6245557,-2.2046506,0.0,-30.0,0.0,2.0,10.0
207,0.0,3.2670777,-4.0153522,0.0,15.0,-40.0,2.0,10.0
208,0.0,3.6630137,-4.236811,0.0,0.0,-20.0,2.0,6.0
209,0.0,3.8609815,-4.498865,0.0,0.0,20.0,2.0,3.0
210,0.0,1.7337879,-2.3231254,0.0,-15.0,20.0,2.0,10.0
211,0.0,3.2086997,-3.9206376,0.0,30.0,20.0,2.0,10.0
212,0.0,3.6640065,-3.8951156,0.0,30.0,20.0,2.0,5.0
213,0.0,3.0601935,-3.7349102,0.0,0.0,20.0,2.0,0.0
214,0.0,3.7445164,-4.390227,0.0,0.0,0.0,2.0,10.0
215,0.0,4.6776743,-4.924017,0.0,0.0,0.0,2.0,3.0
216,0.0,2.5420077,-3.2378976,0.0,-15.0,-40.0,2.0,6.0
217,0.0,2.7469618,-2.8467188,0.0,0.0,0.0,2.0,1.0
218,0.0,1.9721394,-2.6680968,0.0,-30.0,40.0,2.0,6.0
219,0.0,3.7626376,-4.1372056,0.0,15.0,-40.0,2.0,6.0
220,0.0,4.5692964,-4.8106475,0.0,30.0,-20.0,2.0,3.0
221,0.0,3.8148468,-4.0312166,0.0,-30.0,-20.0,2.0,4.0
222,0.0,2.6521626,-2.7234461,0.0,15.0,-40.0,2.0,0.0
223,0.0,2.3842661,-3.065952,0.0,15.0,0.0,2.0,10.0
224,0.0,4.56036,-5.01397,0.0,30.0,40.0,2.0,2.0
225,0.0,4.0900316,-4.6394687,0.0,-30.0,-40.0,2.0,3.0
226,0.0,4.469458,-4.703663,0.0,15.0,0.0,2.0,3.0
227,0.0,2.5036058,-2.6668475,0.0,-15.0,-40.0,2.0,1.0
228,0.0,1.7519749,-2.3430254,0.0,-15.0,0.0,2.0,2.0
229,0.0,3.5047605,-4.15089,0.0,-30.0,20.0,2.0,4.0
230,0.0,3.5202515,-4.21101,0.0,-15.0,-20.0,2.0,5.0
231,0.0,2.4809268,-3.163361,0.0,0.0,20.0,2.0,5.0
232,0.0,2.6732464,-2.8090398,0.0,30.0,40.0,2.0,5.0
233,0.0,3.980851,-4.5970006,0.0,-30.0,-40.0,2.0,4.0
234,0.0,2.647488,-3.300429,0.0,0.0,-40.0,2.0,2.0
235,0.0,3.232461,-3.915506,0.0,-15.0,40.0,2.0,2.0
236,0.0,2.901226,-3.0836942,0.0,0.0,40.0,2.0,3.0
237,0.0,3.1199658,-3.8223805,0.0,-30.0,40.0,2.0,0.0
238,0.0,4.3804064,-4.6715693,0.0,15.0,40.0,2.0,6.0
239,0.0,4.570024,-4.8496785,0.0,15.0,-20.0,2.0,10.0
240,0.0,3.5781586,-3.8249633,0.0,30.0,-40.0,2.0,0.0
241,0.0,4.3083835,-4.56082,0.0,15.0,-20.0,2.0,6.0
242,0.0,2.044927,-2.681245,0.0,0.0,0.0,2.0,10.0
243,0.0,3.5176415,-4.1814394,0.0,30.0,0.0,2.0,10.0
244,0.0,2.6924617,-3.376935,0.0,-15.0,-40.0,2.0,10.0
245,0.0,3.226081,-3.8867953,0.0,30.0,20.0,2.0,2.0
246,0.0,1.8264829,-2.443294,0.0,-30.0,20.0,2.0,10.0
247,0.0,4.28137,-4.4380064,0.0,-15.0,20.0,2.0,3.0
248,0.0,2.8507545,-3.3338675,0.0,-15.0,40.0,2.0,5.0
249,0.0,3.7190986,-3.9230828,0.0,0.0,40.0,2.0,5.0
250,0.0,3.5664225,-3.6867409,0.0,0.0,-20.0,2.0,5.0
251,0.0,3.9084373,-4.571795,0.0,30.0,40.0,2.0,10.0
252,0.0,2.0581257,-2.6883736,0.0,-30.0,20.0,2.0,10.0
253,0.0,2.8929958,-3.6135278,0.0,-30.0,-40.0,2.0,10.0
254,0.0,4.213335,-4.6531563,0.0,0.0,0.0,2.0,5.0
255,0.0,3.5044782,-4.188377,0.0,30.0,0.0,2.0,10.0
256,0.0,4.418585,-4.5976543,0.0,-30.0,0.0,2.0,3.0
257,0.0,3.6584144,-3.8296123,0.0,30.0,40.0,2.0,3.0
258,0.0,4.4431744,-4.8602705,0.0,0.0,-40.0,2.0,5.0
259,0.0,4.161644,-4.6088285,0.0,15.0,40.0,2.0,0.0
260,0.0,3.2027912,-3.4302263,0.0,30.0,0.0,2.0,5.0
261,0.0,1.6655824,-2.27182,0.0,-30.0,0.0,2.0,5.0
262,0.0,3.119093,-3.8842902,0.0,30.0,-40.0,2.0,10.0
263,0.0,1.7674325,-2.4072986,0.0,-30.0,-40.0,2.0,10.0
264,0.0,1.3338845,-1.3626332,0.0,15.0,20.0,2.0,1.0
265,0.0,4.490257,-4.9074163,0.0,30.0,20.0,2.0,6.0
266,0.0,1.3851186,-1.3022866,0.0,30.0,-20.0,2.0,1.0
267,0.0,3.2538917,-3.9723456,0.0,30.0,-20.0,2.0,10.0
268,0.0,2.8107135,-3.482671,0.0,15.0,20.0,2.0,10.0
269,0.0,3.7541192,-3.8881927,0.0,-15.0,0.0,2.0,1.0
270,0.0,2.0179238,-2.6335282,0.0,0.0,20.0,2.0,10.0
271,0.0,3.040533,-3.6967528,0.0,30.0,0.0,2.0,2.0
272,0.0,2.8114586,-2.9761465,0.0,-30.0,40.0,2.0,1.0
273,0.0,2.902558,-2.9786713,0.0,0.0,-20.0,2.0,0.0
274,0.0,4.4304748,-4.944579,0.0,15.0,40.0,2.0,2.0
275,1.0,-3.7243223,5.059768,1.0,-15.0,40.0,2.0,14.0
276,1.0,-2.4140263,3.6120348,1.0,30.0,40.0,2.0,16.0
277,1.0,-3.3908908,3.9616601,1.0,-30.0,20.0,2.0,11.0
278,1.0,-2.6472242,3.935819,1.0,-30.0,0.0,2.0,15.0
279,1.0,-2.1618252,3.3344538,1.0,-15.0,-20.0,2.0,15.0
280,1.0,-2.579763,3.872055,1.0,-15.0,20.0,2.0,17.0
281,1.0,-2.218446,3.4136693,1.0,0.0,-20.0,2.0,14.0
282,1.0,-3.354598,3.9534144,1.0,-30.0,-20.0,2.0,11.0
283,1.0,-4.1150947,5.4558005,1.0,-30.0,-20.0,2.0,14.0
284,1.0,-2.0709913,2.6350927,1.0,-30.0,40.0,2.0,15.0
285,1.0,-3.2633133,4.6525636,1.0,30.0,-40.0,2.0,14.0
286,1.0,-2.5130885,3.749543,1.0,30.0,-20.0,2.0,13.0
287,1.0,-3.6205652,4.7864213,1.0,-15.0,40.0,2.0,16.0
288,1.0,-2.4407296,3.6893618,1.0,15.0,0.0,2.0,15.0
289,1.0,-2.4329681,2.9117982,1.0,15.0,20.0,2.0,12.0
290,1.0,-2.0747197,3.1955948,1.0,15.0,-20.0,2.0,13.0
291,1.0,-2.4163198,3.6326985,1.0,0.0,0.0,2.0,13.0
292,1.0,-3.197095,4.569273,1.0,30.0,-40.0,2.0,16.0
293,1.0,-3.3252258,4.6305695,1.0,15.0,20.0,2.0,16.0
294,1.0,-2.2374885,3.4260874,1.0,-15.0,-20.0,2.0,16.0
295,1.0,-2.3742921,3.5697968,1.0,30.0,0.0,2.0,12.0
296,1.0,-1.893428,2.3165803,1.0,-30.0,40.0,2.0,13.0
297,1.0,-2.712122,3.9979603,1.0,30.0,-20.0,2.0,12.0
298,1.0,-1.8560154,1.9413531,1.0,-15.0,-20.0,2.0,12.0
299,1.0,-2.474607,3.684708,1.0,15.0,-40.0,2.0,13.0
300,1.0,-3.956872,5.2553387,1.0,15.0,-40.0,2.0,11.0
301,1.0,-2.0498514,3.1909494,1.0,15.0,0.0,2.0,17.0
302,1.0,-3.4941905,4.76629,1.0,0.0,20.0,2.0,16.0
303,1.0,-1.6454482,1.5186269,1.0,-15.0,20.0,2.0,12.0
304,1.0,-3.9947164,5.0520515,1.0,0.0,0.0,2.0,11.0
305,1.0,-2.899277,3.9891686,1.0,-15.0,20.0,2.0,13.0
306,1.0,-2.1667,3.21422,1.0,15.0,40.0,2.0,13.0
307,1.0,-0.9071666,0.5875007,1.0,-30.0,-40.0,2.0,12.0
308,1.0,-3.719315,5.075753,1.0,-30.0,-40.0,2.0,14.0
309,1.0,-2.9966068,4.3642087,1.0,15.0,20.0,2.0,15.0
310,1.0,-1.8043089,2.8689077,1.0,0.0,-20.0,2.0,15.0
311,1.0,-2.7408886,4.066639,1.0,15.0,20.0,2.0,17.0
312,1.0,-3.3280733,4.6608005,1.0,15.0,40.0,2.0,14.0
313,1.0,-3.3487298,4.5136156,1.0,-15.0,40.0,2.0,13.0
314,1.0,-2.768132,4.110142,1.0,-15.0,20.0,2.0,15.0
315,1.0,-2.1799014,3.3770175,1.0,-15.0,-20.0,2.0,14.0
316,1.0,-3.0639536,4.4465556,1.0,15.0,-40.0,2.0,14.0
317,1.0,-2.4889421,3.7121325,1.0,30.0,0.0,2.0,13.0
318,1.0,-3.4658937,4.102076,1.0,0.0,20.0,2.0,11.0
319,1.0,-3.9147089,5.247017,1.0,30.0,0.0,2.0,11.0
320,1.0,-2.498329,3.7745943,1.0,30.0,0.0,2.0,16.0
321,1.0,-3.2199328,4.6114044,1.0,0.0,40.0,2.0,14.0
322,1.0,-3.3384502,4.6910505,1.0,-30.0,20.0,2.0,17.0
323,1.0,-2.4229295,3.67586,1.0,30.0,0.0,2.0,17.0
324,1.0,-2.951164,4.2979193,1.0,-30.0,-20.0,2.0,15.0
325,1.0,-2.1253357,3.0619829,1.0,15.0,20.0,2.0,13.0
326,1.0,-2.064263,3.206501,1.0,0.0,-40.0,2.0,16.0
327,1.0,-2.4603488,3.6781871,1.0,30.0,40.0,2.0,17.0
328,1.0,-2.1032672,3.2587278,1.0,0.0,-40.0,2.0,15.0
329,1.0,-2.9885213,4.196351,1.0,0.0,-40.0,2.0,12.0
330,1.0,-2.9412296,4.27182,1.0,-30.0,-40.0,2.0,15.0
331,1.0,-3.5356345,4.357483,1.0,-30.0,20.0,2.0,14.0
332,1.0,-2.645274,3.9409523,1.0,0.0,40.0,2.0,17.0
333,1.0,-1.9730561,2.3792405,1.0,-30.0,40.0,2.0,17.0
334,1.0,-2.7211568,4.0281334,1.0,15.0,40.0,2.0,15.0
335,1.0,-0.92562103,0.61254823,1.0,-30.0,40.0,2.0,12.0
336,1.0,-2.840543,4.1705933,1.0,15.0,-40.0,2.0,16.0
337,1.0,-1.8042114,2.8814611,1.0,0.0,-20.0,2.0,17.0
338,1.0,-2.4298143,2.6362038,1.0,-30.0,40.0,2.0,16.0
339,1.0,-2.775439,4.0806365,1.0,30.0,20.0,2.0,15.0
340,1.0,-2.3359332,3.5150228,1.0,-15.0,0.0,2.0,13.0
341,1.0,-2.2248862,2.4770763,1.0,-15.0,-40.0,2.0,12.0
342,1.0,-3.4215095,4.26335,1.0,30.0,40.0,2.0,11.0
343,1.0,-2.5111537,3.7512724,1.0,15.0,0.0,2.0,13.0
344,1.0,-1.9782381,3.095512,1.0,-15.0,-40.0,2.0,17.0
345,1.0,-2.0822825,3.2392597,1.0,30.0,0.0,2.0,15.0
346,1.0,-2.957647,3.5815372,1.0,15.0,0.0,2.0,12.0
347,1.0,-3.1373222,3.6482527,1.0,-30.0,40.0,2.0,11.0
348,1.0,-2.131212,3.2642553,1.0,0.0,-40.0,2.0,13.0
349,1.0,-2.6187353,3.8927343,1.0,15.0,40.0,2.0,17.0
350,1.0,-2.7879899,4.1396914,1.0,0.0,0.0,2.0,14.0
351,1.0,-2.3429058,3.5742528,1.0,0.0,0.0,2.0,17.0
352,1.0,-3.503819,4.171002,1.0,-15.0,0.0,2.0,11.0
353,1.0,-2.0216103,3.1441028,1.0,15.0,-20.0,2.0,12.0
354,1.0,-3.1043885,4.424384,1.0,30.0,-40.0,2.0,13.0
355,1.0,-4.0680375,5.299264,1.0,15.0,20.0,2.0,14.0
356,1.0,-3.6480513,4.4805565,1.0,-30.0,0.0,2.0,11.0
357,1.0,-2.7259295,4.0224905,1.0,30.0,20.0,2.0,17.0
358,1.0,-2.3922513,3.6070292,1.0,30.0,40.0,2.0,15.0
359,1.0,-3.4786549,4.895728,1.0,-15.0,0.0,2.0,16.0
360,1.0,-2.2467139,3.4571867,1.0,-15.0,0.0,2.0,17.0
361,1.0,-3.406319,4.8052945,1.0,-15.0,20.0,2.0,14.0
362,1.0,-3.17313,4.4247513,1.0,15.0,-40.0,2.0,12.0
363,1.0,-3.06622,3.5493133,1.0,-30.0,-40.0,2.0,11.0
364,1.0,-1.0877867,1.2014421,1.0,30.0,40.0,2.0,12.0
365,1.0,-1.79028,1.8121214,1.0,-15.0,0.0,2.0,12.0
366,1.0,-2.1049294,3.2843235,1.0,0.0,-20.0,2.0,16.0
367,1.0,-2.9247813,4.222531,1.0,-30.0,0.0,2.0,13.0
368,1.0,-3.1471105,4.4941044,1.0,-30.0,-40.0,2.0,17.0
369,1.0,-4.0024304,4.9819293,1.0,-15.0,40.0,2.0,11.0
370,1.0,-3.7062635,4.5540776,1.0,30.0,20.0,2.0,11.0
371,1.0,-2.5742161,3.8532894,1.0,30.0,-40.0,2.0,17.0
372,1.0,-3.8035238,4.781356,1.0,-15.0,-20.0,2.0,11.0
373,1.0,-2.9819672,4.288987,1.0,15.0,40.0,2.0,16.0
374,1.0,-2.9872222,3.7833798,1.0,-30.0,0.0,2.0,12.0
375,1.0,-2.585061,3.8895245,1.0,15.0,0.0,2.0,16.0
376,1.0,-2.7027435,4.016599,1.0,30.0,-20.0,2.0,14.0
377,1.0,-2.1460276,3.3120084,1.0,-15.0,-40.0,2.0,16.0
378,1.0,-3.9939466,5.305368,1.0,0.0,-20.0,2.0,11.0
379,1.0,-2.8722434,4.2437773,1.0,-15.0,0.0,2.0,14.0
380,1.0,-2.7859514,4.058755,1.0,0.0,40.0,2.0,13.0
381,1.0,-2.8985415,3.5376925,1.0,-30.0,-40.0,2.0,16.0
382,1.0,-2.257485,3.4733164,1.0,15.0,-20.0,2.0,14.0
383,1.0,-2.9820077,3.818478,1.0,-30.0,20.0,2.0,13.0
384,1.0,-3.2870235,4.6442857,1.0,-15.0,20.0,2.0,16.0
385,1.0,-3.272566,3.9167137,1.0,-30.0,-20.0,2.0,16.0
386,1.0,-2.304977,3.5198972,1.0,30.0,-20.0,2.0,17.0
387,1.0,-3.586492,4.268091,1.0,-15.0,20.0,2.0,11.0
388,1.0,-2.4982243,2.9082572,1.0,-15.0,40.0,2.0,12.0
389,1.0,-2.489044,3.7414799,1.0,30.0,-40.0,2.0,15.0
390,1.0,-3.7630243,5.131558,1.0,-30.0,-20.0,2.0,13.0
391,1.0,-2.681896,3.997213,1.0,15.0,-40.0,2.0,15.0
392,1.0,-3.6704469,5.0776863,1.0,0.0,20.0,2.0,15.0
393,1.0,-4.1550465,5.3368917,1.0,0.0,-40.0,2.0,11.0
394,1.0,-2.2493272,3.3311281,1.0,30.0,20.0,2.0,13.0
395,1.0,-2.5321531,3.8144987,1.0,15.0,-40.0,2.0,17.0
396,1.0,-2.221627,3.4175794,1.0,0.0,-40.0,2.0,17.0
397,1.0,-3.8047616,4.6827464,1.0,0.0,40.0,2.0,11.0
398,1.0,-2.1225407,2.494797,1.0,0.0,40.0,2.0,12.0
399,1.0,-3.371632,4.7590375,1.0,15.0,-20.0,2.0,11.0
400,1.0,-2.881517,4.240977,1.0,0.0,20.0,2.0,17.0
401,1.0,-2.959866,4.30716,1.0,-15.0,40.0,2.0,15.0
402,1.0,-3.3558962,4.7700505,1.0,-15.0,40.0,2.0,17.0
403,1.0,-2.2483397,3.4358895,1.0,30.0,-20.0,2.0,15.0
404,1.0,-2.0508754,3.1952667,1.0,-15.0,-40.0,2.0,14.0
405,1.0,-2.9785638,4.2497983,1.0,30.0,20.0,2.0,16.0
406,1.0,-2.2948184,3.4787712,1.0,-15.0,-20.0,2.0,13.0
407,1.0,-3.0921311,4.45844,1.0,0.0,40.0,2.0,16.0
408,1.0,-2.6574888,2.96431,1.0,-30.0,0.0,2.0,16.0
409,1.0,-2.13104,2.5793276,1.0,30.0,20.0,2.0,12.0
410,1.0,-3.252942,4.66691,1.0,15.0,0.0,2.0,14.0
411,1.0,-1.8186405,1.8687531,1.0,0.0,0.0,2.0,12.0
412,1.0,-2.3408816,3.5775335,1.0,-15.0,0.0,2.0,15.0
413,1.0,-3.7493262,4.9464817,1.0,-30.0,20.0,2.0,15.0
414,1.0,-2.2389185,3.4414418,1.0,0.0,0.0,2.0,15.0
415,1.0,-2.0089345,3.1538155,1.0,15.0,-20.0,2.0,16.0
416,1.0,-1.9818043,1.9712282,1.0,0.0,20.0,2.0,12.0
417,1.0,-4.1132865,5.281243,1.0,30.0,-40.0,2.0,11.0
418,1.0,-2.333923,3.5557032,1.0,-30.0,0.0,2.0,17.0
419,1.0,-4.0694776,5.3287096,1.0,-15.0,-40.0,2.0,11.0
420,1.0,-1.8334013,2.8991227,1.0,-15.0,-40.0,2.0,15.0
421,1.0,-3.5672648,4.9672995,1.0,0.0,0.0,2.0,16.0
422,1.0,-2.2424014,3.37839,1.0,30.0,40.0,2.0,13.0
423,1.0,-0.72016,0.32732168,1.0,-30.0,20.0,2.0,12.0
424,1.0,-2.7486076,3.470911,1.0,0.0,-20.0,2.0,12.0
425,1.0,-1.9134908,2.9894276,1.0,0.0,-20.0,2.0,13.0
426,1.0,-2.3701868,3.598141,1.0,0.0,-40.0,2.0,14.0
427,1.0,-1.7896554,2.8562398,1.0,15.0,-20.0,2.0,17.0
428,1.0,-4.007762,5.3341484,1.0,30.0,-20.0,2.0,11.0
429,1.0,-4.1083364,5.4029775,1.0,15.0,0.0,2.0,11.0
430,1.0,-0.9798886,0.722991,1.0,-30.0,-20.0,2.0,12.0
431,1.0,-2.8316193,3.1389637,1.0,-30.0,20.0,2.0,16.0
432,1.0,-4.1305017,5.3923697,1.0,0.0,20.0,2.0,14.0
433,1.0,-2.0562246,3.2071419,1.0,-15.0,-20.0,2.0,17.0
434,1.0,-3.5697117,4.2501636,1.0,15.0,20.0,2.0,11.0
435,1.0,-2.7755446,4.0991898,1.0,-30.0,-20.0,2.0,17.0
436,1.0,-2.7616985,4.1015396,1.0,30.0,0.0,2.0,14.0
437,1.0,-1.8252842,2.9024224,1.0,15.0,-20.0,2.0,15.0
438,1.0,-3.5657527,4.3542414,1.0,15.0,40.0,2.0,11.0
439,1.0,-2.4784398,3.745941,1.0,30.0,-20.0,2.0,16.0
440,1.0,-2.5124214,3.5444326,1.0,-30.0,-40.0,2.0,13.0
441,1.0,-1.9102004,2.3037925,1.0,15.0,40.0,2.0,12.0
442,1.0,-3.4670882,4.864797,1.0,-30.0,0.0,2.0,14.0
443,1.0,-3.7540329,4.8275456,1.0,0.0,20.0,2.0,13.0
444,1.0,-2.9889734,4.174869,1.0,30.0,-40.0,2.0,12.0
445,1.0,-2.290902,3.4369245,1.0,30.0,40.0,2.0,14.0
446,1.0,-1.2312973,1.2718148,1.0,-30.0,40.0,2.0,14.0
447,1.0,-2.5403187,3.8173218,1.0,0.0,40.0,2.0,15.0
448,1.0,-3.585576,4.9199586,1.0,30.0,20.0,2.0,14.0
449,1.0,-1.9639028,3.0563064,1.0,-15.0,-40.0,2.0,13.0
450,0.0,3.250055,-3.9875584,0.0,-30.0,40.0,14.0,3.0
451,0.0,2.0685353,-2.6810179,0.0,15.0,20.0,14.0,5.0
452,0.0,2.5483954,-3.2074704,0.0,-15.0,20.0,14.0,10.0
453,0.0,1.7733617,-2.332792,0.0,0.0,0.0,14.0,2.0
454,0.0,4.59602,-4.847349,0.0,-30.0,-40.0,14.0,6.0
455,0.0,4.4743915,-4.9062037,0.0,30.0,-20.0,14.0,5.0
456,0.0,4.0579176,-4.4779544,0.0,30.0,40.0,14.0,5.0
457,0.0,1.0483663,-1.6028848,0.0,-30.0,0.0,14.0,6.0
458,0.0,4.825465,-5.094313,0.0,30.0,-40.0,14.0,4.0
459,0.0,1.8758926,-2.4472296,0.0,0.0,-40.0,14.0,2.0
460,0.0,2.453458,-3.183995,0.0,0.0,40.0,14.0,10.0
461,0.0,4.6266446,-4.8975153,0.0,15.0,-40.0,14.0,0.0
462,0.0,2.3857398,-3.025566,0.0,0.0,20.0,14.0,0.0
463,0.0,4.4756346,-4.9770966,0.0,15.0,40.0,14.0,3.0
464,0.0,4.361301,-4.8670425,0.0,0.0,-40.0,14.0,4.0
465,0.0,3.3950477,-4.1093144,0.0,15.0,40.0,14.0,5.0
466,0.0,2.9468768,-3.6121173,0.0,0.0,20.0,14.0,10.0
467,0.0,3.457991,-4.189687,0.0,-30.0,20.0,14.0,5.0
468,0.0,3.2786345,-3.405696,0.0,0.0,-20.0,14.0,1.0
469,0.0,4.268193,-4.837615,0.0,-30.0,0.0,14.0,4.0
470,0.0,2.4303293,-3.0979295,0.0,-30.0,20.0,14.0,10.0
471,0.0,4.456279,-4.8578897,0.0,0.0,-20.0,14.0,10.0
472,0.0,2.9943686,-3.6900532,0.0,0.0,0.0,14.0,10.0
473,0.0,4.01962,-4.6302543,0.0,0.0,-20.0,14.0,4.0
474,0.0,3.4539883,-4.1184897,0.0,0.0,-20.0,14.0,10.0
475,0.0,4.5419235,-4.9741135,0.0,30.0,-20.0,14.0,0.0
476,0.0,3.864023,-4.548363,0.0,-30.0,40.0,14.0,5.0
477,0.0,4.450244,-4.8334017,0.0,15.0,0.0,14.0,4.0
478,0.0,4.5942755,-4.9106336,0.0,0.0,-40.0,14.0,6.0
479,0.0,2.3625784,-3.0991087,0.0,-30.0,-20.0,14.0,5.0
480,0.0,3.459093,-4.174775,0.0,0.0,-40.0,14.0,10.0
481,0.0,3.17754,-3.315783,0.0,15.0,-40.0,14.0,1.0
482,0.0,2.6866875,-3.359699,0.0,30.0,40.0,14.0,2.0
483,0.0,3.9752212,-4.555116,0.0,30.0,0.0,14.0,4.0
484,0.0,3.3402202,-4.0333705,0.0,15.0,40.0,14.0,0.0
485,0.0,3.2315874,-3.891583,0.0,30.0,20.0,14.0,4.0
486,0.0,2.5752132,-3.2926595,0.0,-30.0,40.0,14.0,10.0
487,0.0,3.2133322,-3.941175,0.0,30.0,40.0,14.0,0.0
488,0.0,3.9242063,-4.598322,0.0,-15.0,-40.0,14.0,10.0
489,0.0,2.0084536,-2.609709,0.0,15.0,0.0,14.0,10.0
490,0.0,3.2466328,-3.386722,0.0,-15.0,0.0,14.0,1.0
491,0.0,4.616108,-5.120555,0.0,-30.0,-40.0,14.0,2.0
492,0.0,2.1715794,-2.838272,0.0,0.0,20.0,14.0,6.0
493,0.0,3.4135826,-4.130492,0.0,30.0,40.0,14.0,10.0
494,0.0,4.3588467,-4.6900287,0.0,-15.0,40.0,14.0,5.0
495,0.0,2.9492395,-3.68326,0.0,15.0,-40.0,14.0,10.0
496,0.0,1.7506763,-2.3698235,0.0,-15.0,0.0,14.0,10.0
497,0.0,3.5618043,-3.685525,0.0,0.0,0.0,14.0,5.0
498,0.0,2.9907992,-3.0937285,0.0,30.0,-40.0,14.0,0.0
499,0.0,3.364276,-3.486714,0.0,-30.0,-20.0,14.0,1.0
500,0.0,3.4621165,-4.15853,0.0,15.0,40.0,14.0,10.0
501,0.0,2.7234714,-3.3891613,0.0,-15.0,20.0,14.0,3.0
502,0.0,2.8406396,-3.500333,0.0,30.0,0.0,14.0,5.0
503,0.0,3.2647252,-3.5194921,0.0,-30.0,-40.0,14.0,4.0
504,0.0,4.088451,-4.758468,0.0,-30.0,-40.0,14.0,10.0
505,0.0,4.2517476,-4.819967,0.0,-15.0,20.0,14.0,0.0
506,0.0,3.431946,-3.636358,0.0,-15.0,-40.0,14.0,5.0
507,0.0,4.577986,-4.9813805,0.0,0.0,-40.0,14.0,10.0
508,0.0,2.2055917,-2.8265123,0.0,30.0,-20.0,14.0,10.0
509,0.0,2.1836746,-2.8349798,0.0,-30.0,40.0,14.0,2.0
510,0.0,2.1556551,-2.8348408,0.0,15.0,40.0,14.0,10.0
511,0.0,2.5905561,-3.2484186,0.0,-30.0,20.0,14.0,3.0
512,0.0,3.7432542,-4.4522486,0.0,-30.0,40.0,14.0,10.0
513,0.0,3.9884474,-4.640886,0.0,30.0,-40.0,14.0,10.0
514,0.0,3.9763358,-4.6120434,0.0,15.0,40.0,14.0,4.0
515,0.0,4.318592,-4.8597775,0.0,15.0,-40.0,14.0,10.0
516,0.0,3.4258287,-4.121123,0.0,0.0,20.0,14.0,5.0
517,0.0,1.96198,-2.5460143,0.0,30.0,0.0,14.0,10.0
518,0.0,4.3931613,-4.6464167,0.0,0.0,0.0,14.0,6.0
519,0.0,3.2280846,-3.8717587,0.0,0.0,20.0,14.0,4.0
520,0.0,2.0397537,-2.7064703,0.0,-30.0,20.0,14.0,10.0
521,0.0,4.207639,-4.827682,0.0,-15.0,40.0,14.0,0.0
522,0.0,2.2256262,-2.885255,0.0,-15.0,0.0,14.0,10.0
523,0.0,3.8890042,-4.4902043,0.0,-15.0,20.0,14.0,4.0
524,0.0,2.7828412,-3.4658108,0.0,30.0,0.0,14.0,6.0
525,0.0,4.5193253,-4.918659,0.0,15.0,0.0,14.0,5.0
526,0.0,3.6713643,-4.307419,0.0,0.0,0.0,14.0,3.0
527,0.0,3.1456769,-3.8648224,0.0,-30.0,0.0,14.0,10.0
528,0.0,3.4842942,-4.146949,0.0,15.0,-20.0,14.0,6.0
529,0.0,1.4857734,-2.009371,0.0,0.0,-20.0,14.0,2.0
530,0.0,2.6298094,-3.2716684,0.0,0.0,-40.0,14.0,3.0
531,0.0,3.139485,-3.2397425,0.0,0.0,40.0,14.0,1.0
532,0.0,1.9939482,-2.5883205,0.0,15.0,20.0,14.0,0.0
533,0.0,1.5917193,-2.1500688,0.0,0.0,20.0,14.0,10.0
534,0.0,4.544045,-5.0500627,0.0,-30.0,-40.0,14.0,10.0
535,0.0,3.8791254,-4.509792,0.0,15.0,20.0,14.0,3.0
536,0.0,4.4696155,-4.7557564,0.0,0.0,-20.0,14.0,0.0
537,0.0,2.6927917,-3.3854568,0.0,-30.0,-20.0,14.0,0.0
538,0.0,3.2012203,-3.913865,0.0,0.0,40.0,14.0,10.0
539,0.0,1.5004692,-2.029539,0.0,15.0,20.0,14.0,10.0
540,0.0,2.5396094,-2.672018,0.0,30.0,-40.0,14.0,1.0
541,0.0,2.7003856,-2.7779071,0.0,0.0,-40.0,14.0,1.0
542,0.0,4.0510135,-4.6245213,0.0,30.0,-20.0,14.0,3.0
543,0.0,3.855182,-4.3005476,0.0,-30.0,0.0,14.0,3.0
544,0.0,4.310446,-4.5360303,0.0,30.0,-40.0,14.0,6.0
545,0.0,4.4397783,-4.909392,0.0,15.0,0.0,14.0,3.0
546,0.0,2.253848,-2.420718,0.0,-30.0,-40.0,14.0,1.0
547,0.0,2.2668893,-2.9554114,0.0,-15.0,-20.0,14.0,10.0
548,0.0,3.2378397,-3.8951526,0.0,-15.0,-20.0,14.0,3.0
549,0.0,4.70135,-5.0584974,0.0,30.0,-40.0,14.0,10.0
550,0.0,2.9427726,-3.6416419,0.0,-15.0,20.0,14.0,6.0
551,0.0,3.2167566,-3.8747802,0.0,15.0,-20.0,14.0,10.0
552,0.0,4.207736,-4.401424,0.0,-30.0,-40.0,14.0,0.0
553,0.0,3.3838933,-4.047384,0.0,15.0,-40.0,14.0,10.0
554,0.0,4.6290803,-5.072717,0.0,-15.0,-40.0,14.0,10.0
555,0.0,4.4646688,-4.9220815,0.0,15.0,-40.0,14.0,4.0
556,0.0,2.1617358,-2.7808936,0.0,30.0,20.0,14.0,0.0
557,0.0,2.083927,-2.7577085,0.0,-30.0,20.0,14.0,10.0
558,0.0,3.770338,-3.9069211,0.0,0.0,-40.0,14.0,5.0
559,0.0,4.4244466,-4.919216,0.0,0.0,0.0,14.0,4.0
560,0.0,2.3333032,-2.9675295,0.0,0.0,40.0,14.0,2.0
561,0.0,2.2296133,-2.904462,0.0,-30.0,0.0,14.0,10.0
562,0.0,3.199355,-3.9396055,0.0,0.0,40.0,14.0,6.0
563,0.0,1.8248572,-2.3919013,0.0,15.0,20.0,14.0,10.0
564,0.0,4.0700817,-4.4571934,0.0,15.0,-40.0,14.0,6.0
565,0.0,1.7498896,-2.3084302,0.0,30.0,-20.0,14.0,2.0
566,0.0,4.1561255,-4.3470197,0.0,-15.0,0.0,14.0,0.0
567,0.0,2.7707744,-3.4249141,0.0,0.0,20.0,14.0,3.0
568,0.0,2.908904,-3.1182647,0.0,-15.0,-40.0,14.0,0.0
569,0.0,2.3140934,-3.0034099,0.0,0.0,40.0,14.0,10.0
570,0.0,4.4019585,-4.8498783,0.0,30.0,0.0,14.0,1.0
571,0.0,3.1206553,-3.8109076,0.0,0.0,0.0,14.0,10.0
572,0.0,4.019833,-4.6475544,0.0,15.0,-40.0,14.0,3.0
573,0.0,2.1969347,-2.8186786,0.0,30.0,20.0,14.0,5.0
574,0.0,1.9414008,-2.5305364,0.0,0.0,20.0,14.0,10.0
575,0.0,1.9544026,-2.5451746,0.0,30.0,-20.0,14.0,10.0
576,0.0,4.243154,-4.866693,0.0,-15.0,-20.0,14.0,10.0
577,0.0,4.3483095,-4.879077,0.0,-15.0,40.0,14.0,4.0
578,0.0,4.303027,-4.8447127,0.0,15.0,-20.0,14.0,3.0
579,0.0,3.7443075,-4.4131155,0.0,-15.0,40.0,14.0,3.0
580,0.0,4.5304036,-4.973939,0.0,-15.0,-40.0,14.0,4.0
581,0.0,2.5078886,-3.1487522,0.0,30.0,20.0,14.0,10.0
582,0.0,1.7794292,-2.4536903,0.0,-30.0,40.0,14.0,10.0
583,0.0,4.4706616,-4.883888,0.0,-15.0,0.0,14.0,4.0
584,0.0,2.7661104,-3.4494429,0.0,15.0,40.0,14.0,10.0
585,0.0,4.282388,-4.8593416,0.0,30.0,40.0,14.0,10.0
586,0.0,3.8883708,-4.0597334,0.0,-30.0,20.0,14.0,0.0
587,0.0,4.4593983,-4.7977552,0.0,-15.0,0.0,14.0,5.0
588,0.0,3.2265463,-3.921398,0.0,0.0,-40.0,14.0,10.0
589,0.0,4.112069,-4.754579,0.0,0.0,40.0,14.0,10.0
590,0.0,1.4057384,-2.0205534,0.0,-30.0,-20.0,14.0,10.0
591,0.0,1.5358651,-2.0686831,0.0,15.0,20.0,14.0,10.0
592,0.0,2.641637,-3.3076532,0.0,-15.0,0.0,14.0,10.0
593,0.0,3.513055,-4.1676307,0.0,0.0,0.0,14.0,10.0
594,0.0,1.475094,-1.9940976,0.0,30.0,20.0,14.0,2.0
595,0.0,4.5152683,-4.9425683,0.0,0.0,0.0,14.0,0.0
596,0.0,3.4000459,-4.1453614,0.0,-15.0,-40.0,14.0,10.0
597,0.0,1.3506037,-1.8520806,0.0,0.0,20.0,14.0,2.0
598,0.0,2.6625602,-3.3279102,0.0,15.0,-40.0,14.0,10.0
599,0.0,3.529657,-4.2249966,0.0,-30.0,20.0,14.0,4.0
600,0.0,2.276866,-2.9147358,0.0,15.0,-20.0,14.0,10.0
601,0.0,1.7963008,-2.374044,0.0,15.0,0.0,14.0,10.0
602,0.0,4.4716306,-4.982607,0.0,30.0,40.0,14.0,4.0
603,0.0,4.5470285,-4.953043,0.0,30.0,-20.0,14.0,4.0
604,0.0,2.580867,-3.3354838,0.0,-15.0,40.0,14.0,10.0
605,0.0,4.6314654,-5.0396576,0.0,-30.0,-20.0,14.0,4.0
606,0.0,3.0234213,-3.6824787,0.0,30.0,-20.0,14.0,10.0
607,0.0,1.458582,-1.9932557,0.0,0.0,20.0,14.0,10.0
608,0.0,3.462382,-4.1424828,0.0,30.0,-40.0,14.0,2.0
609,0.0,4.0254674,-4.582661,0.0,15.0,0.0,14.0,6.0
610,0.0,1.4834167,-1.5039604,0.0,-30.0,20.0,14.0,1.0
611,0.0,4.1852894,-4.723255,0.0,-15.0,-20.0,14.0,6.0
612,0.0,3.0251017,-3.761805,0.0,-15.0,40.0,14.0,10.0
613,0.0,4.490194,-4.8989153,0.0,15.0,-20.0,14.0,0.0
614,0.0,2.4594443,-2.5163176,0.0,-30.0,0.0,14.0,1.0
615,0.0,1.6331558,-2.1806397,0.0,30.0,20.0,14.0,10.0
616,0.0,3.1067455,-3.858738,0.0,30.0,40.0,14.0,6.0
617,0.0,4.3389516,-4.876548,0.0,0.0,40.0,14.0,4.0
618,0.0,3.8353746,-4.4426317,0.0,15.0,0.0,14.0,10.0
619,0.0,2.8526669,-3.627281,0.0,-15.0,-40.0,14.0,10.0
620,0.0,1.7688291,-2.3612711,0.0,-30.0,-20.0,14.0,2.0
621,0.0,3.1209097,-3.8305404,0.0,-30.0,-20.0,14.0,10.0
622,0.0,1.7804201,-2.3570964,0.0,-30.0,20.0,14.0,2.0
623,0.0,3.8684258,-4.5132565,0.0,-15.0,0.0,14.0,10.0
624,0.0,-0.2911373,0.94304645,1.0,-30.0,-40.0,14.0,3.0
625,0.0,4.428585,-4.6737013,0.0,-15.0,-40.0,14.0,6.0
626,0.0,4.433058,-4.883095,0.0,-15.0,-20.0,14.0,5.0
627,0.0,2.3712218,-3.0549462,0.0,-15.0,-20.0,14.0,10.0
628,0.0,4.1760073,-4.6797643,0.0,-15.0,20.0,14.0,5.0
629,0.0,4.3992043,-4.910229,0.0,-15.0,0.0,14.0,3.0
630,0.0,3.4225903,-4.126162,0.0,0.0,40.0,14.0,0.0
631,0.0,2.7422726,-3.3902311,0.0,30.0,0.0,14.0,0.0
632,0.0,3.7885697,-4.453938,0.0,-15.0,20.0,14.0,10.0
633,0.0,1.6310765,-2.1845088,0.0,30.0,20.0,14.0,10.0
634,0.0,4.1544456,-4.338664,0.0,0.0,20.0,14.0,1.0
635,0.0,1.976686,-2.5696795,0.0,30.0,20.0,14.0,10.0
636,0.0,3.289518,-3.9351263,0.0,15.0,20.0,14.0,4.0
637,0.0,3.8163662,-3.947935,0.0,0.0,0.0,14.0,1.0
638,0.0,3.3911922,-4.1134076,0.0,30.0,-40.0,14.0,10.0
639,0.0,4.0635195,-4.735281,0.0,-30.0,40.0,14.0,4.0
640,0.0,1.9571891,-2.607263,0.0,15.0,20.0,14.0,6.0
641,0.0,3.9099255,-4.5579433,0.0,0.0,-40.0,14.0,10.0
642,0.0,1.7022369,-2.2536385,0.0,-15.0,20.0,14.0,2.0
643,0.0,2.650121,-3.3734381,0.0,-30.0,0.0,14.0,5.0
644,0.0,4.387345,-4.7310753,0.0,0.0,-20.0,14.0,6.0
645,0.0,2.0928137,-2.872044,0.0,30.0,40.0,14.0,10.0
646,0.0,3.1074114,-3.8013332,0.0,-15.0,-20.0,14.0,10.0
647,0.0,4.3532147,-4.9518037,0.0,0.0,40.0,14.0,3.0
648,0.0,2.0137284,-2.588759,0.0,15.0,0.0,14.0,2.0
649,0.0,1.4590175,-2.1307445,0.0,-30.0,40.0,14.0,6.0
650,0.0,1.0995226,-1.1162571,0.0,-30.0,40.0,14.0,1.0
651,0.0,3.5667522,-4.208701,0.0,30.0,0.0,14.0,3.0
652,0.0,4.474432,-4.7697773,0.0,-30.0,0.0,14.0,0.0
653,0.0,1.9836972,-2.565525,0.0,15.0,-40.0,14.0,2.0
654,0.0,4.4837327,-4.9155684,0.0,30.0,40.0,14.0,3.0
655,0.0,3.434713,-4.1102977,0.0,30.0,20.0,14.0,3.0
656,0.0,0.87309855,-1.0988318,0.0,30.0,-40.0,14.0,3.0
657,0.0,2.214681,-2.8475783,0.0,15.0,40.0,14.0,2.0
658,0.0,1.7057756,-1.7088734,0.0,-30.0,-20.0,14.0,3.0
659,0.0,1.1570565,-1.7453867,0.0,-30.0,-20.0,14.0,10.0
660,0.0,3.1836276,-3.9362633,0.0,-15.0,40.0,14.0,6.0
661,0.0,3.8674884,-4.054266,0.0,15.0,40.0,14.0,1.0
662,0.0,2.8926985,-3.5425978,0.0,-15.0,-40.0,14.0,2.0
663,0.0,2.0019593,-2.5889277,0.0,-15.0,0.0,14.0,2.0
664,0.0,2.4670863,-3.0991526,0.0,15.0,20.0,14.0,10.0
665,0.0,4.4493623,-4.8996496,0.0,30.0,-20.0,14.0,6.0
666,0.0,2.7824733,-3.4430654,0.0,0.0,-20.0,14.0,10.0
667,0.0,3.1683984,-3.8333352,0.0,15.0,0.0,14.0,0.0
668,0.0,4.1881294,-4.5187383,0.0,0.0,-40.0,14.0,0.0
669,0.0,4.4499817,-4.7992167,0.0,0.0,0.0,14.0,10.0
670,0.0,2.2356064,-2.2602413,0.0,-15.0,20.0,14.0,1.0
671,0.0,0.38564432,-0.8392052,0.0,-30.0,-20.0,14.0,6.0
672,0.0,2.9723675,-3.682934,0.0,0.0,-20.0,14.0,10.0
673,0.0,2.5633044,-3.224593,0.0,15.0,-20.0,14.0,10.0
674,0.0,2.5934777,-3.3359272,0.0,-15.0,40.0,14.0,10.0
675,0.0,1.7283423,-2.299487,0.0,30.0,0.0,14.0,10.0
676,0.0,1.3824992,-1.8818637,0.0,30.0,0.0,14.0,2.0
677,0.0,4.769144,-5.1274357,0.0,-30.0,-40.0,14.0,10.0
678,0.0,4.4375014,-4.961082,0.0,-30.0,40.0,14.0,0.0
679,0.0,1.5032604,-2.166825,0.0,15.0,40.0,14.0,6.0
680,0.0,2.0733943,-2.6769948,0.0,0.0,-20.0,14.0,3.0
681,0.0,1.5134062,-2.044207,0.0,30.0,0.0,14.0,10.0
682,0.0,4.306593,-4.8198023,0.0,15.0,-20.0,14.0,10.0
683,0.0,1.4291824,-1.9415978,0.0,15.0,-20.0,14.0,2.0
684,0.0,2.2124443,-2.8743374,0.0,15.0,40.0,14.0,10.0
685,0.0,2.24804,-2.9119658,0.0,-15.0,20.0,14.0,10.0
686,0.0,3.4906335,-3.5718133,0.0,15.0,-20.0,14.0,1.0
687,0.0,2.4399662,-3.1624482,0.0,-30.0,-40.0,14.0,10.0
688,0.0,4.490208,-4.9546347,0.0,15.0,20.0,14.0,1.0
689,0.0,4.0621114,-4.6625347,0.0,30.0,-20.0,14.0,10.0
690,0.0,2.6301746,-3.2602556,0.0,15.0,0.0,14.0,10.0
691,0.0,2.1116178,-2.190845,0.0,-15.0,40.0,14.0,1.0
692,0.0,1.7332766,-2.349391,0.0,-30.0,0.0,14.0,2.0
693,0.0,4.3663225,-4.8608975,0.0,30.0,20.0,14.0,1.0
694,0.0,3.8600318,-4.072363,0.0,-30.0,-40.0,14.0,5.0
695,0.0,3.9944634,-4.1167397,0.0,15.0,0.0,14.0,1.0
696,0.0,1.7478771,-2.3112767,0.0,-15.0,-20.0,14.0,2.0
697,0.0,4.358254,-4.8684072,0.0,-15.0,-20.0,14.0,4.0
698,0.0,3.5745442,-3.679775,0.0,30.0,-20.0,14.0,1.0
699,0.0,2.3028173,-3.0011976,0.0,-30.0,20.0,14.0,6.0
700,0.0,2.483594,-3.2208376,0.0,30.0,40.0,14.0,10.0
701,0.0,4.115371,-4.70367,0.0,-15.0,-40.0,14.0,3.0
702,0.0,4.467744,-5.024351,0.0,-15.0,40.0,14.0,10.0
703,0.0,3.8426116,-4.058509,0.0,30.0,40.0,14.0,1.0
704,0.0,2.058295,-2.695835,0.0,-15.0,20.0,14.0,10.0
705,0.0,3.4324257,-3.6190085,0.0,-15.0,-40.0,14.0,1.0
706,0.0,3.5917625,-4.298647,0.0,30.0,-40.0,14.0,10.0
707,0.0,3.5086377,-3.6061523,0.0,30.0,-40.0,14.0,5.0
708,0.0,2.3581126,-3.0571268,0.0,30.0,20.0,14.0,6.0
709,0.0,4.1405015,-4.3168116,0.0,15.0,-20.0,14.0,5.0
710,0.0,3.1006973,-3.189243,0.0,-15.0,-20.0,14.0,1.0
711,0.0,1.3472096,-1.848564,0.0,15.0,20.0,14.0,2.0
712,0.0,3.9534647,-4.514471,0.0,-15.0,0.0,14.0,6.0
713,0.0,1.6470505,-2.2610831,0.0,-30.0,0.0,14.0,10.0
714,0.0,4.0530367,-4.6175475,0.0,0.0,40.0,14.0,5.0
715,0.0,4.1245527,-4.2895894,0.0,15.0,-40.0,14.0,5.0
716,0.0,1.5211742,-2.1531043,0.0,-30.0,0.0,14.0,10.0
717,0.0,3.344268,-3.4676492,0.0,0.0,-20.0,14.0,5.0
718,0.0,3.4297354,-4.1255093,0.0,-30.0,20.0,14.0,10.0
719,0.0,4.4557734,-4.875417,0.0,15.0,-20.0,14.0,4.0
720,0.0,4.1511173,-4.609271,0.0,-15.0,-20.0,14.0,0.0
721,0.0,1.8276881,-2.5036116,0.0,-30.0,40.0,14.0,10.0
722,0.0,2.6929886,-3.3437219,0.0,30.0,0.0,14.0,10.0
723,0.0,2.482673,-3.1309063,0.0,-15.0,40.0,14.0,2.0
724,0.0,2.2144833,-2.8881345,0.0,-30.0,-20.0,14.0,10.0
725,1.0,-2.840809,4.109775,1.0,-30.0,-20.0,14.0,16.0
726,1.0,-3.022545,4.091137,1.0,-30.0,40.0,14.0,17.0
727,1.0,-0.23618256,0.11665145,1.0,-30.0,40.0,14.0,14.0
728,1.0,-2.19443,3.0411966,1.0,-30.0,40.0,14.0,15.0
729,1.0,-3.848908,4.7713532,1.0,15.0,-40.0,14.0,11.0
730,1.0,-2.6071613,3.8242648,1.0,-30.0,0.0,14.0,13.0
731,1.0,-3.2835221,4.609846,1.0,30.0,20.0,14.0,15.0
732,1.0,-2.2575643,2.4943736,1.0,15.0,20.0,14.0,12.0
733,1.0,-2.096199,2.2214613,1.0,-30.0,40.0,14.0,12.0
734,1.0,-2.7019548,4.0146327,1.0,-30.0,20.0,14.0,17.0
735,1.0,-2.6318934,3.0361707,1.0,0.0,20.0,14.0,11.0
736,1.0,-3.4051297,4.6596546,1.0,30.0,20.0,14.0,16.0
737,1.0,-3.1272175,4.019018,1.0,0.0,0.0,14.0,12.0
738,1.0,-2.3133214,2.4921787,1.0,-30.0,-20.0,14.0,11.0
739,1.0,-2.0800471,3.205454,1.0,-15.0,-20.0,14.0,14.0
740,1.0,-2.295411,2.4456844,1.0,30.0,20.0,14.0,12.0
741,1.0,-2.1056545,3.2180533,1.0,0.0,-20.0,14.0,13.0
742,1.0,-1.7427067,2.7818735,1.0,-30.0,-40.0,14.0,15.0
743,1.0,-2.4269226,2.768098,1.0,-30.0,0.0,14.0,11.0
744,1.0,-2.9473996,3.797604,1.0,15.0,40.0,14.0,16.0
745,1.0,-2.4891784,3.7232935,1.0,0.0,20.0,14.0,13.0
746,1.0,-1.7807648,2.8363101,1.0,0.0,-40.0,14.0,16.0
747,1.0,-2.1768432,2.75895,1.0,15.0,40.0,14.0,13.0
748,1.0,-3.0107791,4.3686085,1.0,0.0,40.0,14.0,17.0
749,1.0,-2.7220232,3.4294386,1.0,0.0,-20.0,14.0,12.0
750,1.0,-3.1882622,4.537227,1.0,30.0,40.0,14.0,15.0
751,1.0,-1.9300897,3.0118315,1.0,-30.0,-20.0,14.0,17.0
752,1.0,-2.4253538,3.6878467,1.0,-15.0,20.0,14.0,16.0
753,1.0,-1.7014499,2.741277,1.0,0.0,0.0,14.0,15.0
754,1.0,-1.7349192,1.7943331,1.0,-30.0,40.0,14.0,11.0
755,1.0,-3.4341722,4.7525334,1.0,-30.0,0.0,14.0,16.0
756,1.0,-2.3506408,3.0136456,1.0,-30.0,40.0,14.0,13.0
757,1.0,-0.031603467,0.20406991,1.0,0.0,40.0,14.0,14.0
758,1.0,-3.8990889,4.876811,1.0,30.0,-20.0,14.0,11.0
759,1.0,-0.08179555,-0.030236844,1.0,-15.0,40.0,14.0,14.0
760,1.0,-1.9939643,3.092791,1.0,-15.0,-20.0,14.0,16.0
761,1.0,-2.6548233,2.9186275,1.0,-15.0,-20.0,14.0,11.0
762,1.0,-3.9252107,4.963325,1.0,15.0,-20.0,14.0,11.0
763,1.0,-1.9311193,3.0165195,1.0,0.0,-40.0,14.0,14.0
764,1.0,-2.6890283,3.2711813,1.0,-30.0,0.0,14.0,12.0
765,1.0,-1.9351877,1.9755955,1.0,30.0,40.0,14.0,12.0
766,1.0,-1.7887712,2.8393471,1.0,30.0,-40.0,14.0,17.0
767,1.0,-1.9797255,3.0815408,1.0,-15.0,-20.0,14.0,17.0
768,1.0,-3.0660121,4.3995886,1.0,15.0,20.0,14.0,14.0
769,1.0,-1.7274864,2.7749012,1.0,0.0,-40.0,14.0,17.0
770,1.0,-1.8270575,2.9076324,1.0,0.0,0.0,14.0,16.0
771,1.0,-2.0067382,3.1151998,1.0,-15.0,-20.0,14.0,13.0
772,1.0,-2.0223246,3.1447396,1.0,30.0,0.0,14.0,17.0
773,1.0,-1.6991097,2.7442586,1.0,15.0,-20.0,14.0,16.0
774,1.0,-2.002252,3.1049137,1.0,-15.0,0.0,14.0,13.0
775,1.0,-1.7015262,2.7346168,1.0,30.0,-20.0,14.0,12.0
776,1.0,-1.8846179,2.9589527,1.0,-15.0,-40.0,14.0,17.0
777,1.0,-2.1601896,3.284433,1.0,-15.0,40.0,14.0,16.0
778,1.0,-1.8009906,2.8456364,1.0,-15.0,-40.0,14.0,16.0
779,1.0,-1.7186137,2.7616074,1.0,15.0,-20.0,14.0,14.0
780,1.0,-1.7729475,2.822631,1.0,30.0,-40.0,14.0,15.0
781,1.0,-1.9978653,3.13437,1.0,0.0,20.0,14.0,17.0
782,1.0,-3.2659783,4.666721,1.0,15.0,20.0,14.0,13.0
783,1.0,-1.7408572,2.7902327,1.0,30.0,-20.0,14.0,17.0
784,1.0,-1.8400187,2.9009643,1.0,30.0,-40.0,14.0,14.0
785,1.0,-3.5822773,4.72035,1.0,15.0,40.0,14.0,17.0
786,1.0,-3.3547094,4.7469416,1.0,-15.0,40.0,14.0,13.0
787,1.0,-3.0201547,3.9435587,1.0,15.0,0.0,14.0,12.0
788,1.0,-1.8233926,2.8897274,1.0,30.0,-20.0,14.0,13.0
789,1.0,-3.3116245,3.9282756,1.0,15.0,0.0,14.0,11.0
790,1.0,-3.4505706,4.2952175,1.0,0.0,0.0,14.0,11.0
791,1.0,-1.8507444,2.928995,1.0,15.0,0.0,14.0,13.0
792,1.0,-1.9771377,2.0026946,1.0,0.0,40.0,14.0,12.0
793,1.0,-2.5048463,3.758846,1.0,15.0,20.0,14.0,15.0
794,1.0,-1.5801005,2.5930834,1.0,15.0,-20.0,14.0,15.0
795,1.0,-1.7937151,2.867311,1.0,0.0,-20.0,14.0,15.0
796,1.0,-1.9727991,3.0847156,1.0,30.0,0.0,14.0,16.0
797,1.0,-2.0406072,3.172539,1.0,0.0,0.0,14.0,14.0
798,1.0,-2.08217,3.19617,1.0,0.0,-40.0,14.0,13.0
799,1.0,-1.7654465,2.8044422,1.0,-30.0,-40.0,14.0,17.0
800,1.0,-3.1300557,4.2812777,1.0,30.0,40.0,14.0,16.0
801,1.0,-1.954185,3.0612917,1.0,-15.0,-20.0,14.0,15.0
802,1.0,-2.9774292,3.9319541,1.0,-15.0,0.0,14.0,12.0
803,1.0,-1.6678245,2.6935174,1.0,15.0,-40.0,14.0,15.0
804,1.0,-1.8468808,2.9226084,1.0,30.0,-40.0,14.0,16.0
805,1.0,-1.6532143,2.6740031,1.0,15.0,-40.0,14.0,17.0
806,1.0,-3.7411501,5.0188518,1.0,30.0,-40.0,14.0,11.0
807,1.0,-1.7729899,2.8352213,1.0,15.0,0.0,14.0,16.0
808,1.0,-2.5429335,2.9373477,1.0,0.0,20.0,14.0,12.0
809,1.0,-2.1431584,3.3266733,1.0,-15.0,20.0,14.0,17.0
810,1.0,-3.628554,4.682822,1.0,30.0,20.0,14.0,14.0
811,1.0,-2.2497127,3.4634733,1.0,0.0,20.0,14.0,15.0
812,1.0,-1.7767701,2.8477542,1.0,15.0,0.0,14.0,15.0
813,1.0,-1.7261302,2.7659764,1.0,0.0,0.0,14.0,17.0
814,1.0,-2.6359794,3.397587,1.0,-30.0,40.0,14.0,16.0
815,1.0,-1.7621583,2.8178823,1.0,30.0,-20.0,14.0,15.0
816,1.0,-1.7504942,2.7974985,1.0,30.0,-40.0,14.0,13.0
817,1.0,-1.912102,3.0091448,1.0,30.0,-20.0,14.0,14.0
818,1.0,-3.213164,3.7844791,1.0,-15.0,20.0,14.0,11.0
819,1.0,-0.2128822,-0.22148885,0.0,30.0,20.0,14.0,11.0
820,1.0,-1.9000311,2.9801145,1.0,-30.0,-40.0,14.0,14.0
821,1.0,-2.3462694,3.5555658,1.0,-30.0,0.0,14.0,15.0
822,1.0,-1.8161184,2.8636448,1.0,-15.0,-40.0,14.0,14.0
823,1.0,-1.7059046,2.7444744,1.0,15.0,-20.0,14.0,13.0
824,1.0,0.034075618,-0.5460285,0.0,15.0,40.0,14.0,11.0
825,1.0,-2.0576155,3.1944737,1.0,-15.0,0.0,14.0,16.0
826,1.0,-2.2041993,2.5434272,1.0,-15.0,-40.0,14.0,12.0
827,1.0,-1.7302307,2.777196,1.0,15.0,-40.0,14.0,14.0
828,1.0,-3.9259017,5.069533,1.0,-30.0,20.0,14.0,13.0
829,1.0,-3.0921245,4.4607162,1.0,-15.0,20.0,14.0,13.0
830,1.0,-1.8444294,2.922498,1.0,0.0,0.0,14.0,13.0
831,1.0,-3.3211136,4.3443804,1.0,15.0,-40.0,14.0,12.0
832,1.0,-1.930007,3.0300145,1.0,-15.0,0.0,14.0,15.0
833,1.0,-2.1097689,3.263554,1.0,30.0,0.0,14.0,13.0
834,1.0,-3.270074,3.936911,1.0,0.0,-20.0,14.0,11.0
835,1.0,-1.761958,2.8175178,1.0,0.0,-20.0,14.0,16.0
836,1.0,-2.0390587,3.1689048,1.0,-30.0,-20.0,14.0,15.0
837,1.0,-3.3707497,4.752719,1.0,-15.0,20.0,14.0,14.0
838,1.0,-2.2737782,3.4176435,1.0,15.0,-20.0,14.0,12.0
839,1.0,-3.0340729,4.3536134,1.0,-30.0,0.0,14.0,14.0
840,1.0,-2.0858312,2.3963897,1.0,-30.0,-40.0,14.0,12.0
841,1.0,-2.668045,3.2571878,1.0,-30.0,20.0,14.0,12.0
842,1.0,-2.3947809,3.6023288,1.0,30.0,0.0,14.0,14.0
843,1.0,-2.4120874,2.9332829,1.0,-30.0,-20.0,14.0,12.0
844,1.0,-2.2035232,3.349738,1.0,-30.0,-20.0,14.0,13.0
845,1.0,-1.7445554,2.7893903,1.0,0.0,-40.0,14.0,15.0
846,1.0,-2.1214526,2.3091033,1.0,-15.0,40.0,14.0,12.0
847,1.0,-3.5320635,4.8684177,1.0,30.0,20.0,14.0,13.0
848,1.0,-2.6706097,3.962589,1.0,0.0,40.0,14.0,15.0
849,1.0,-3.7962213,4.669697,1.0,-30.0,20.0,14.0,11.0
850,1.0,-1.8320905,2.9066882,1.0,15.0,0.0,14.0,14.0
851,1.0,-2.737668,4.0509567,1.0,15.0,20.0,14.0,17.0
852,1.0,-3.3410192,4.681382,1.0,30.0,20.0,14.0,17.0
853,1.0,-2.2466812,3.3918364,1.0,-15.0,40.0,14.0,17.0
854,1.0,-2.436405,3.6618779,1.0,-15.0,40.0,14.0,15.0
855,1.0,-3.432167,4.072952,1.0,-15.0,0.0,14.0,11.0
856,1.0,-2.7224445,3.5580835,1.0,15.0,40.0,14.0,14.0
857,1.0,-2.415168,3.6350927,1.0,0.0,40.0,14.0,16.0
858,1.0,-3.269802,4.4062223,1.0,30.0,-40.0,14.0,12.0
859,1.0,-1.805272,2.8688533,1.0,30.0,-20.0,14.0,16.0
860,1.0,-3.2282786,3.9077594,1.0,-15.0,-40.0,14.0,11.0
861,1.0,-3.1096845,3.9537315,1.0,-15.0,-20.0,14.0,12.0
862,1.0,-1.7356722,2.782123,1.0,15.0,-40.0,14.0,16.0
863,1.0,-2.2330875,3.0586267,1.0,-30.0,-40.0,14.0,11.0
864,1.0,-1.510806,1.5432321,1.0,0.0,40.0,14.0,11.0
865,1.0,-1.7650201,2.8145611,1.0,-15.0,-40.0,14.0,15.0
866,1.0,-3.3311334,4.088511,1.0,0.0,-40.0,14.0,11.0
867,1.0,-1.7341212,2.7668145,1.0,-30.0,-40.0,14.0,13.0
868,1.0,-2.5388334,3.8036509,1.0,0.0,20.0,14.0,14.0
869,1.0,-2.712367,3.9412699,1.0,30.0,40.0,14.0,17.0
870,1.0,-2.1054106,2.3368964,1.0,-15.0,20.0,14.0,12.0
871,1.0,-3.8039422,4.950437,1.0,-30.0,20.0,14.0,16.0
872,1.0,-1.7965727,2.8465538,1.0,-15.0,-40.0,14.0,13.0
873,1.0,-1.8689775,2.9596255,1.0,0.0,-20.0,14.0,17.0
874,1.0,-3.8671062,4.989929,1.0,-30.0,20.0,14.0,14.0
875,1.0,-1.9914931,1.9466997,1.0,15.0,40.0,14.0,12.0
876,1.0,-1.6076208,2.6243043,1.0,15.0,-20.0,14.0,17.0
877,1.0,-2.1015155,3.2424545,1.0,-30.0,0.0,14.0,17.0
878,1.0,-2.4632373,3.6757123,1.0,-30.0,-20.0,14.0,14.0
879,1.0,-2.0900323,3.2457147,1.0,-15.0,20.0,14.0,15.0
880,1.0,-3.1100957,4.23676,1.0,30.0,40.0,14.0,13.0
881,1.0,-2.0030782,3.1364787,1.0,30.0,0.0,14.0,15.0
882,1.0,-1.9232655,3.0242534,1.0,-15.0,0.0,14.0,17.0
883,1.0,-1.3454411,1.4126482,1.0,15.0,20.0,14.0,11.0
884,1.0,-1.8352343,2.9245694,1.0,15.0,0.0,14.0,17.0
885,1.0,-2.670316,3.2101195,1.0,30.0,0.0,14.0,11.0
886,1.0,-3.321161,4.4421854,1.0,15.0,40.0,14.0,15.0
887,1.0,-2.8204741,4.1689105,1.0,15.0,20.0,14.0,16.0
888,1.0,-3.0105999,4.3792067,1.0,-30.0,20.0,14.0,15.0
889,1.0,-2.1454296,2.286252,1.0,30.0,40.0,14.0,11.0
890,1.0,-2.128862,3.262161,1.0,0.0,-20.0,14.0,14.0
891,1.0,-2.0649014,3.1961694,1.0,-15.0,0.0,14.0,14.0
892,1.0,-2.2921546,2.727233,1.0,0.0,-40.0,14.0,12.0
893,1.0,-2.690582,3.7239645,1.0,30.0,40.0,14.0,14.0
894,1.0,-1.9564211,2.2000148,1.0,-15.0,40.0,14.0,11.0
895,1.0,-3.2707136,4.5772133,1.0,0.0,40.0,14.0,13.0
896,1.0,-1.9162762,2.9710376,1.0,-30.0,-40.0,14.0,16.0
897,1.0,-2.549016,3.6543183,1.0,30.0,0.0,14.0,12.0
898,1.0,-2.0437317,3.1898293,1.0,0.0,20.0,14.0,16.0
899,1.0,-1.6917975,2.7179065,1.0,15.0,-40.0,14.0,13.0
900,0.0,1.6563039,-2.2392302,0.0,0.0,-40.0,4.0,10.0
901,0.0,2.099756,-2.7279391,0.0,15.0,20.0,4.0,5.0
902,0.0,2.0670125,-2.681332,0.0,0.0,-40.0,4.0,4.0
903,0.0,1.1702204,-1.6965927,0.0,-30.0,-20.0,4.0,10.0
904,0.0,1.3239005,-1.8500558,0.0,0.0,-20.0,4.0,10.0
905,0.0,1.7253376,-2.384064,0.0,-30.0,-40.0,4.0,5.0
906,0.0,2.3457706,-3.0698478,0.0,-30.0,40.0,4.0,0.0
907,0.0,1.9548664,-2.552133,0.0,15.0,20.0,4.0,10.0
908,0.0,1.4934466,-2.081919,0.0,-30.0,20.0,4.0,10.0
909,0.0,1.516784,-2.1074152,0.0,-30.0,-40.0,4.0,10.0
910,0.0,4.432206,-4.706878,0.0,30.0,-40.0,4.0,4.0
911,0.0,2.2680147,-2.8690536,0.0,30.0,0.0,4.0,4.0
912,0.0,4.2372456,-4.7191944,0.0,15.0,-20.0,4.0,1.0
913,0.0,1.448587,-2.022314,0.0,-15.0,0.0,4.0,10.0
914,0.0,1.5191712,-2.1069865,0.0,-15.0,0.0,4.0,5.0
915,0.0,1.0221604,-1.5111101,0.0,15.0,-20.0,4.0,10.0
916,0.0,1.2782679,-1.8305984,0.0,15.0,0.0,4.0,6.0
917,0.0,2.4475787,-3.1187043,0.0,0.0,-20.0,4.0,1.0
918,0.0,0.86620104,-1.3835039,0.0,-30.0,0.0,4.0,6.0
919,0.0,1.1644851,-1.643914,0.0,30.0,0.0,4.0,10.0
920,0.0,4.019316,-4.6102557,0.0,15.0,-40.0,4.0,4.0
921,0.0,0.8993329,-1.3838781,0.0,30.0,-20.0,4.0,6.0
922,0.0,1.2745503,-1.7756046,0.0,-15.0,-20.0,4.0,2.0
923,0.0,1.7042931,-2.27844,0.0,0.0,-20.0,4.0,0.0
924,0.0,3.0707922,-3.7821128,0.0,-15.0,40.0,4.0,0.0
925,0.0,3.322334,-4.0072083,0.0,15.0,-40.0,4.0,10.0
926,0.0,2.9926374,-3.7030885,0.0,30.0,40.0,4.0,10.0
927,0.0,1.8332684,-2.4523246,0.0,-15.0,-20.0,4.0,5.0
928,0.0,1.880425,-2.4841366,0.0,0.0,20.0,4.0,10.0
929,0.0,0.8719194,-1.3811485,0.0,-15.0,0.0,4.0,6.0
930,0.0,1.3025713,-1.8529005,0.0,-30.0,0.0,4.0,10.0
931,0.0,2.3115573,-2.9404252,0.0,0.0,20.0,4.0,3.0
932,0.0,2.1386712,-2.7536952,0.0,30.0,0.0,4.0,1.0
933,0.0,4.0242114,-4.622987,0.0,30.0,-20.0,4.0,1.0
934,0.0,2.9783742,-3.6616366,0.0,30.0,20.0,4.0,1.0
935,0.0,4.0040493,-4.633341,0.0,0.0,40.0,4.0,4.0
936,0.0,1.3774992,-1.9747833,0.0,-30.0,-40.0,4.0,6.0
937,0.0,1.5317395,-2.0971553,0.0,-30.0,20.0,4.0,2.0
938,0.0,1.5570031,-2.1446183,0.0,15.0,20.0,4.0,6.0
939,0.0,1.4445654,-1.9776052,0.0,30.0,0.0,4.0,10.0
940,0.0,2.589973,-3.299323,0.0,-15.0,40.0,4.0,10.0
941,0.0,1.1343485,-1.6279484,0.0,0.0,-20.0,4.0,10.0
942,0.0,1.1930393,-1.6970664,0.0,-30.0,0.0,4.0,2.0
943,0.0,1.9429711,-2.5292408,0.0,15.0,-20.0,4.0,10.0
944,0.0,2.2522683,-2.9438658,0.0,30.0,40.0,4.0,10.0
945,0.0,2.49738,-3.169591,0.0,15.0,40.0,4.0,10.0
946,0.0,1.2750117,-1.8532051,0.0,-15.0,-40.0,4.0,6.0
947,0.0,1.5242304,-2.1094851,0.0,-30.0,-20.0,4.0,0.0
948,0.0,1.8639374,-2.56976,0.0,-15.0,40.0,4.0,10.0
949,0.0,2.165511,-2.8334205,0.0,15.0,40.0,4.0,10.0
950,0.0,2.1465542,-2.8843324,0.0,-30.0,-40.0,4.0,1.0
951,0.0,1.1397539,-1.6113065,0.0,15.0,0.0,4.0,2.0
952,0.0,2.4060361,-3.1118968,0.0,30.0,40.0,4.0,2.0
953,0.0,1.5331094,-2.0707173,0.0,30.0,20.0,4.0,10.0
954,0.0,2.0806623,-2.8050041,0.0,-30.0,40.0,4.0,5.0
955,0.0,2.2470088,-2.9940908,0.0,15.0,40.0,4.0,6.0
956,0.0,1.5671415,-2.1909404,0.0,-30.0,-20.0,4.0,1.0
957,0.0,2.7992985,-3.5359976,0.0,30.0,40.0,4.0,6.0
958,0.0,1.3028221,-1.799108,0.0,15.0,20.0,4.0,2.0
959,0.0,1.9126691,-2.572284,0.0,-15.0,-40.0,4.0,5.0
960,0.0,1.3556721,-1.903435,0.0,30.0,0.0,4.0,6.0
961,0.0,3.1362574,-3.8663497,0.0,15.0,40.0,4.0,5.0
962,0.0,1.4581481,-2.0406787,0.0,-15.0,20.0,4.0,10.0
963,0.0,1.6895448,-2.2747717,0.0,-15.0,-40.0,4.0,10.0
964,0.0,1.29108,-1.8321701,0.0,-30.0,-20.0,4.0,10.0
965,0.0,1.404654,-1.9659327,0.0,-30.0,-40.0,4.0,10.0
966,0.0,4.4910245,-5.0087805,0.0,30.0,-20.0,4.0,3.0
967,0.0,1.9695044,-2.5997427,0.0,30.0,-40.0,4.0,10.0
968,0.0,2.1599674,-2.807829,0.0,15.0,-40.0,4.0,10.0
969,0.0,1.2810426,-1.7923754,0.0,-15.0,0.0,4.0,2.0
970,0.0,2.24288,-2.9425468,0.0,-15.0,20.0,4.0,1.0
971,0.0,1.4707823,-1.9952029,0.0,30.0,20.0,4.0,2.0
972,0.0,2.4440198,-3.0951936,0.0,-15.0,-40.0,4.0,3.0
973,0.0,1.6444958,-2.206639,0.0,-15.0,0.0,4.0,0.0
974,0.0,2.619504,-3.2874084,0.0,0.0,40.0,4.0,0.0
975,0.0,1.7875601,-2.3846996,0.0,-15.0,-20.0,4.0,0.0
976,0.0,1.3517005,-2.0148904,0.0,-30.0,40.0,4.0,10.0
977,0.0,1.6844712,-2.2684722,0.0,15.0,-40.0,4.0,10.0
978,0.0,1.2779989,-1.8222718,0.0,-15.0,0.0,4.0,10.0
979,0.0,1.7593671,-2.4490361,0.0,-30.0,40.0,4.0,10.0
980,0.0,1.6928092,-2.2723517,0.0,-30.0,-20.0,4.0,3.0
981,0.0,1.7829324,-2.4270167,0.0,-30.0,20.0,4.0,5.0
982,0.0,2.5885236,-2.6452255,0.0,30.0,-40.0,4.0,1.0
983,0.0,2.3805695,-3.0259511,0.0,15.0,-40.0,4.0,10.0
984,0.0,2.0970802,-2.7395031,0.0,-15.0,20.0,4.0,10.0
985,0.0,1.4605439,-2.0399494,0.0,-30.0,0.0,4.0,4.0
986,0.0,1.9452891,-2.564457,0.0,-30.0,20.0,4.0,3.0
987,0.0,2.2979047,-3.0424583,0.0,-30.0,40.0,4.0,10.0
988,0.0,1.2774645,-1.8143332,0.0,15.0,-40.0,4.0,6.0
989,0.0,1.6923758,-2.2540257,0.0,0.0,20.0,4.0,0.0
990,0.0,2.656029,-3.3516164,0.0,0.0,20.0,4.0,1.0
991,0.0,3.6761613,-4.374296,0.0,15.0,-40.0,4.0,5.0
992,0.0,1.167395,-1.6432397,0.0,0.0,-20.0,4.0,2.0
993,0.0,1.5630623,-2.2338984,0.0,-15.0,40.0,4.0,6.0
994,0.0,2.8191977,-3.6120872,0.0,-30.0,40.0,4.0,4.0
995,0.0,2.0659378,-2.6965578,0.0,0.0,0.0,4.0,10.0
996,0.0,1.5955744,-2.1694174,0.0,30.0,0.0,4.0,5.0
997,0.0,3.769625,-4.357879,0.0,30.0,-20.0,4.0,4.0
998,0.0,1.5038586,-2.0810962,0.0,-30.0,20.0,4.0,10.0
999,0.0,0.92078835,-1.4513305,0.0,-30.0,-20.0,4.0,6.0
1000,0.0,3.4014325,-4.057671,0.0,0.0,40.0,4.0,5.0
1001,0.0,1.7053528,-2.3975759,0.0,-30.0,40.0,4.0,2.0
1002,0.0,2.3981426,-3.120547,0.0,0.0,40.0,4.0,6.0
1003,0.0,1.3930187,-1.9107826,0.0,15.0,20.0,4.0,10.0
1004,0.0,1.4962356,-2.105799,0.0,-30.0,20.0,4.0,0.0
1005,0.0,0.8594241,-1.4257375,0.0,-30.0,0.0,4.0,1.0
1006,0.0,3.6304147,-4.3182707,0.0,30.0,-40.0,4.0,10.0
1007,0.0,1.3589343,-1.8973526,0.0,-15.0,-20.0,4.0,10.0
1008,0.0,3.395157,-4.0458035,0.0,-15.0,-40.0,4.0,1.0
1009,0.0,1.4014887,-1.9379308,0.0,30.0,-20.0,4.0,10.0
1010,0.0,1.1288656,-1.6125772,0.0,30.0,0.0,4.0,10.0
1011,0.0,1.8598973,-2.4609509,0.0,-15.0,0.0,4.0,4.0
1012,0.0,1.3452156,-1.8918066,0.0,15.0,0.0,4.0,10.0
1013,0.0,1.2557684,-1.7763827,0.0,15.0,0.0,4.0,10.0
1014,0.0,1.0954517,-1.6431428,0.0,-15.0,20.0,4.0,6.0
1015,0.0,1.2892158,-1.7841988,0.0,0.0,20.0,4.0,2.0
1016,0.0,2.127835,-2.7433913,0.0,15.0,0.0,4.0,10.0
1017,0.0,2.712092,-3.3943653,0.0,30.0,-40.0,4.0,10.0
1018,0.0,1.4072956,-1.9212735,0.0,30.0,20.0,4.0,10.0
1019,0.0,2.122566,-2.7318692,0.0,0.0,0.0,4.0,3.0
1020,0.0,1.9011828,-2.573688,0.0,-30.0,-40.0,4.0,0.0
1021,0.0,2.0946379,-2.7326488,0.0,15.0,40.0,4.0,2.0
1022,0.0,3.0792637,-3.7184403,0.0,15.0,0.0,4.0,4.0
1023,0.0,3.4028454,-4.010869,0.0,15.0,-20.0,4.0,4.0
1024,0.0,1.5897213,-2.1529908,0.0,15.0,-20.0,4.0,5.0
1025,0.0,1.9838456,-2.6455572,0.0,-30.0,20.0,4.0,4.0
1026,0.0,2.1849844,-2.7975235,0.0,0.0,20.0,4.0,4.0
1027,0.0,0.7301303,-1.2149884,0.0,0.0,0.0,4.0,6.0
1028,0.0,2.5104659,-3.2733648,0.0,-30.0,40.0,4.0,3.0
1029,0.0,3.9118152,-4.5663586,0.0,0.0,40.0,4.0,10.0
1030,0.0,0.58901703,-1.0290551,0.0,15.0,-20.0,4.0,6.0
1031,0.0,3.9499698,-4.295921,0.0,30.0,-40.0,4.0,6.0
1032,0.0,2.7267072,-3.4134367,0.0,15.0,40.0,4.0,0.0
1033,0.0,1.4648395,-1.9862832,0.0,30.0,0.0,4.0,0.0
1034,0.0,2.1163344,-2.7848034,0.0,0.0,-40.0,4.0,5.0
1035,0.0,1.5790287,-2.197519,0.0,-30.0,-40.0,4.0,10.0
1036,0.0,1.9401283,-2.5684092,0.0,15.0,0.0,4.0,5.0
1037,0.0,2.2103524,-2.8384929,0.0,30.0,-20.0,4.0,0.0
1038,0.0,2.9135573,-3.607153,0.0,0.0,40.0,4.0,10.0
1039,0.0,1.6300526,-2.1880643,0.0,30.0,20.0,4.0,10.0
1040,0.0,3.284912,-4.0004506,0.0,30.0,40.0,4.0,5.0
1041,0.0,0.9889274,-1.1917546,0.0,30.0,40.0,4.0,3.0
1042,0.0,0.9277715,-1.466845,0.0,-30.0,20.0,4.0,6.0
1043,0.0,1.9254067,-2.5204084,0.0,15.0,-20.0,4.0,0.0
1044,0.0,1.4930439,-2.082922,0.0,-30.0,-20.0,4.0,5.0
1045,0.0,2.394242,-3.065599,0.0,-15.0,-20.0,4.0,1.0
1046,0.0,1.7868953,-2.423129,0.0,0.0,0.0,4.0,5.0
1047,0.0,0.92590994,-1.4318756,0.0,0.0,-20.0,4.0,6.0
1048,0.0,2.9104664,-3.631552,0.0,30.0,20.0,4.0,3.0
1049,0.0,2.2410583,-2.889315,0.0,0.0,-40.0,4.0,0.0
1050,0.0,-0.52548075,0.8313391,1.0,30.0,-40.0,4.0,3.0
1051,0.0,3.6236632,-3.978474,0.0,0.0,40.0,4.0,1.0
1052,0.0,1.3523914,-1.9040434,0.0,0.0,0.0,4.0,10.0
1053,0.0,2.0379095,-2.7113454,0.0,-15.0,20.0,4.0,5.0
1054,0.0,3.5405788,-4.2645607,0.0,30.0,40.0,4.0,10.0
1055,0.0,2.1119502,-2.7670305,0.0,15.0,40.0,4.0,10.0
1056,0.0,1.5310938,-1.870642,0.0,-30.0,40.0,4.0,1.0
1057,0.0,1.7800193,-2.5840878,0.0,-30.0,-40.0,4.0,4.0
1058,0.0,1.1187228,-1.5853944,0.0,15.0,-20.0,4.0,2.0
1059,0.0,2.7174711,-3.418106,0.0,0.0,-40.0,4.0,1.0
1060,0.0,1.2932259,-1.8696375,0.0,0.0,20.0,4.0,6.0
1061,0.0,1.3840166,-1.8982085,0.0,15.0,20.0,4.0,10.0
1062,0.0,2.5252018,-3.2368734,0.0,0.0,40.0,4.0,10.0
1063,0.0,3.105781,-3.8269703,0.0,15.0,-40.0,4.0,3.0
1064,0.0,1.8397951,-2.4253109,0.0,30.0,20.0,4.0,5.0
1065,0.0,2.3284721,-2.964048,0.0,0.0,0.0,4.0,4.0
1066,0.0,2.3248405,-2.9528816,0.0,15.0,20.0,4.0,4.0
1067,0.0,2.105846,-2.753639,0.0,30.0,-20.0,4.0,5.0
1068,0.0,2.6468487,-3.3058407,0.0,30.0,20.0,4.0,4.0
1069,0.0,1.3364598,-1.8441275,0.0,-15.0,20.0,4.0,2.0
1070,0.0,1.7936257,-2.4095993,0.0,-30.0,0.0,4.0,3.0
1071,0.0,1.7595468,-2.3826423,0.0,-30.0,20.0,4.0,10.0
1072,0.0,3.972445,-4.616582,0.0,15.0,-40.0,4.0,0.0
1073,0.0,1.6491481,-2.26883,0.0,-30.0,-20.0,4.0,4.0
1074,0.0,1.4597675,-2.116375,0.0,-30.0,40.0,4.0,10.0
1075,0.0,1.3611623,-1.8910365,0.0,0.0,20.0,4.0,10.0
1076,0.0,1.1576267,-1.695723,0.0,-30.0,0.0,4.0,10.0
1077,0.0,1.6015475,-2.1816077,0.0,-15.0,20.0,4.0,10.0
1078,0.0,1.9256583,-2.514962,0.0,30.0,20.0,4.0,10.0
1079,0.0,2.730518,-3.4139063,0.0,30.0,40.0,4.0,0.0
1080,0.0,1.6259155,-2.1828988,0.0,0.0,-20.0,4.0,4.0
1081,0.0,3.9523523,-4.385292,0.0,15.0,40.0,4.0,1.0
1082,0.0,2.199692,-2.8758242,0.0,-30.0,-40.0,4.0,3.0
1083,0.0,1.5344188,-2.1246839,0.0,-30.0,-40.0,4.0,2.0
1084,0.0,1.2737467,-1.8098986,0.0,-15.0,0.0,4.0,10.0
1085,0.0,1.9910691,-2.6219604,0.0,-15.0,-40.0,4.0,10.0
1086,0.0,2.4822903,-3.1324048,0.0,-15.0,20.0,4.0,4.0
1087,0.0,1.8832531,-2.4852147,0.0,-15.0,-20.0,4.0,4.0
1088,0.0,1.6884491,-2.2843852,0.0,30.0,20.0,4.0,6.0
1089,0.0,1.0765139,-1.6134284,0.0,-15.0,-20.0,4.0,6.0
1090,0.0,2.4478052,-3.0944571,0.0,-15.0,20.0,4.0,3.0
1091,0.0,1.2311646,-1.7627006,0.0,-30.0,-20.0,4.0,10.0
1092,0.0,1.6772486,-2.2435184,0.0,30.0,-20.0,4.0,10.0
1093,0.0,1.2033881,-1.7411525,0.0,-30.0,0.0,4.0,10.0
1094,0.0,4.1953044,-4.763801,0.0,30.0,40.0,4.0,4.0
1095,0.0,1.2123133,-1.6990263,0.0,0.0,0.0,4.0,2.0
1096,0.0,1.8418571,-2.480268,0.0,0.0,20.0,4.0,5.0
1097,0.0,3.6453574,-4.357757,0.0,-15.0,40.0,4.0,10.0
1098,0.0,2.8626642,-3.538298,0.0,15.0,0.0,4.0,1.0
1099,0.0,0.9489982,-1.5396432,0.0,-30.0,20.0,4.0,1.0
1100,0.0,3.3769078,-4.073958,0.0,15.0,40.0,4.0,10.0
1101,0.0,1.6337117,-2.1851408,0.0,15.0,0.0,4.0,0.0
1102,0.0,3.428385,-4.091009,0.0,15.0,-20.0,4.0,3.0
1103,0.0,1.4227906,-1.9416862,0.0,15.0,20.0,4.0,10.0
1104,0.0,2.097508,-2.733487,0.0,30.0,-40.0,4.0,2.0
1105,0.0,1.1392522,-1.6132907,0.0,0.0,-40.0,4.0,2.0
1106,0.0,2.389551,-3.0291772,0.0,30.0,-20.0,4.0,10.0
1107,0.0,1.5471944,-2.0848463,0.0,15.0,20.0,4.0,0.0
1108,0.0,2.1918066,-2.8311794,0.0,0.0,-40.0,4.0,10.0
1109,0.0,1.3574022,-1.9351307,0.0,-30.0,0.0,4.0,5.0
1110,0.0,1.6269383,-2.182214,0.0,0.0,-20.0,4.0,3.0
1111,0.0,0.88048995,-1.5075259,0.0,-30.0,40.0,4.0,6.0
1112,0.0,1.9214076,-2.5248587,0.0,-15.0,-20.0,4.0,3.0
1113,0.0,1.7406924,-2.305364,0.0,15.0,-40.0,4.0,2.0
1114,0.0,1.748368,-2.3698318,0.0,-30.0,-40.0,4.0,10.0
1115,0.0,1.2870634,-1.8120664,0.0,-15.0,-20.0,4.0,10.0
1116,0.0,1.4930812,-2.0294533,0.0,15.0,-20.0,4.0,10.0
1117,0.0,3.6403692,-3.7541335,0.0,15.0,-40.0,4.0,1.0
1118,0.0,4.3389487,-4.8918004,0.0,30.0,-40.0,4.0,5.0
1119,0.0,1.401915,-1.994176,0.0,-30.0,0.0,4.0,0.0
1120,0.0,1.6138544,-2.2057645,0.0,-15.0,-40.0,4.0,10.0
1121,0.0,1.3517478,-1.940322,0.0,0.0,-40.0,4.0,6.0
1122,0.0,1.696962,-2.3097582,0.0,0.0,-20.0,4.0,5.0
1123,0.0,1.8928275,-2.5554664,0.0,-15.0,40.0,4.0,10.0
1124,0.0,2.4232428,-3.097269,0.0,0.0,40.0,4.0,2.0
1125,0.0,1.5814866,-2.1596787,0.0,-15.0,-20.0,4.0,10.0
1126,0.0,1.415781,-1.9469786,0.0,-15.0,-40.0,4.0,2.0
1127,0.0,2.1232557,-2.7862096,0.0,-15.0,40.0,4.0,2.0
1128,0.0,4.547636,-4.890719,0.0,30.0,-40.0,4.0,0.0
1129,0.0,1.1991205,-1.6749593,0.0,30.0,0.0,4.0,2.0
1130,0.0,2.9008868,-3.587923,0.0,0.0,0.0,4.0,1.0
1131,0.0,1.2869177,-1.8203236,0.0,-15.0,0.0,4.0,10.0
1132,0.0,1.6780949,-2.2379618,0.0,0.0,0.0,4.0,0.0
1133,0.0,2.7278945,-3.2753348,0.0,-15.0,40.0,4.0,1.0
1134,0.0,2.2600574,-2.9134748,0.0,0.0,40.0,4.0,10.0
1135,0.0,1.3750463,-1.9490087,0.0,-30.0,0.0,4.0,10.0
1136,0.0,3.432209,-4.1440434,0.0,-15.0,40.0,4.0,3.0
1137,0.0,1.2674437,-1.7743344,0.0,30.0,0.0,4.0,10.0
1138,0.0,1.0273428,-1.508573,0.0,15.0,-20.0,4.0,10.0
1139,0.0,2.3910275,-3.0792246,0.0,-15.0,-40.0,4.0,0.0
1140,0.0,1.4348735,-1.9874053,0.0,0.0,0.0,4.0,10.0
1141,0.0,2.783452,-3.2058887,0.0,15.0,40.0,4.0,3.0
1142,0.0,1.580682,-2.130302,0.0,15.0,0.0,4.0,10.0
1143,0.0,2.6129446,-3.262117,0.0,30.0,0.0,4.0,3.0
1144,0.0,1.3677714,-1.897431,0.0,30.0,-20.0,4.0,10.0
1145,0.0,1.3160216,-1.846367,0.0,0.0,20.0,4.0,10.0
1146,0.0,2.6428332,-3.2970092,0.0,15.0,20.0,4.0,3.0
1147,0.0,2.2444556,-2.9298787,0.0,30.0,-40.0,4.0,10.0
1148,0.0,1.6454681,-2.2143264,0.0,0.0,-40.0,4.0,10.0
1149,0.0,1.1967515,-1.7239277,0.0,0.0,0.0,4.0,10.0
1150,0.0,2.3593996,-3.005302,0.0,-15.0,-40.0,4.0,4.0
1151,0.0,1.8014426,-2.3847842,0.0,-15.0,20.0,4.0,0.0
1152,0.0,1.4420545,-2.0122857,0.0,-30.0,-20.0,4.0,10.0
1153,0.0,1.3385243,-1.8679929,0.0,-30.0,-20.0,4.0,2.0
1154,0.0,4.019392,-4.3298073,0.0,30.0,40.0,4.0,1.0
1155,0.0,2.4457438,-3.1236901,0.0,-15.0,0.0,4.0,3.0
1156,0.0,3.7279584,-4.410782,0.0,-15.0,40.0,4.0,5.0
1157,0.0,4.2968097,-4.8928227,0.0,0.0,40.0,4.0,3.0
1158,0.0,3.6357474,-4.2749786,0.0,15.0,0.0,4.0,3.0
1159,0.0,1.3533874,-1.8816308,0.0,-15.0,-20.0,4.0,10.0
1160,0.0,1.9695207,-2.6231492,0.0,-15.0,0.0,4.0,1.0
1161,0.0,1.7316271,-2.2985523,0.0,30.0,20.0,4.0,0.0
1162,0.0,1.3579726,-1.8682369,0.0,30.0,-20.0,4.0,2.0
1163,0.0,1.4952382,-2.0478792,0.0,0.0,-40.0,4.0,10.0
1164,0.0,1.4170096,-1.9757969,0.0,-15.0,20.0,4.0,10.0
1165,0.0,2.665741,-3.3496108,0.0,15.0,20.0,4.0,1.0
1166,0.0,2.1953864,-2.8136005,0.0,0.0,-40.0,4.0,3.0
1167,0.0,1.3635259,-1.8945982,0.0,0.0,20.0,4.0,10.0
1168,0.0,1.523958,-2.0848353,0.0,0.0,-20.0,4.0,10.0
1169,0.0,2.1089203,-2.7950795,0.0,30.0,40.0,4.0,10.0
1170,0.0,1.1744064,-1.6742678,0.0,0.0,-20.0,4.0,10.0
1171,0.0,3.6773608,-4.3642783,0.0,-15.0,40.0,4.0,4.0
1172,0.0,1.46886,-2.0581605,0.0,-30.0,20.0,4.0,10.0
1173,0.0,4.109379,-4.7596836,0.0,15.0,40.0,4.0,4.0
1174,0.0,1.6516137,-2.244889,0.0,-15.0,-40.0,4.0,10.0
1175,1.0,-0.20733556,-0.22885235,0.0,-30.0,-40.0,4.0,11.0
1176,1.0,-0.91226065,0.71931237,1.0,0.0,20.0,4.0,11.0
1177,1.0,-2.0920122,3.2473588,1.0,30.0,-40.0,4.0,15.0
1178,1.0,-3.5495086,4.4204097,1.0,0.0,-40.0,4.0,16.0
1179,1.0,-1.7103509,2.010942,1.0,15.0,40.0,4.0,16.0
1180,1.0,-2.9433904,3.2396727,1.0,-30.0,20.0,4.0,15.0
1181,1.0,-1.9523858,2.4505317,1.0,-15.0,40.0,4.0,17.0
1182,1.0,-3.4233558,4.200663,1.0,0.0,-20.0,4.0,15.0
1183,1.0,-2.990297,4.34254,1.0,30.0,-20.0,4.0,17.0
1184,1.0,-2.2531552,2.7855027,1.0,0.0,-40.0,4.0,13.0
1185,1.0,-3.8785307,4.9099226,1.0,30.0,20.0,4.0,15.0
1186,1.0,-2.3316367,2.6672838,1.0,0.0,-20.0,4.0,12.0
1187,1.0,-2.8691287,3.4118042,1.0,0.0,0.0,4.0,13.0
1188,1.0,-2.7852132,3.9775891,1.0,30.0,-40.0,4.0,12.0
1189,1.0,-2.816818,3.1714425,1.0,-15.0,0.0,4.0,15.0
1190,1.0,-1.4056373,1.5027112,1.0,-30.0,40.0,4.0,14.0
1191,1.0,-4.1144085,5.3054495,1.0,15.0,20.0,4.0,15.0
1192,1.0,-1.2049571,1.0819664,1.0,-15.0,20.0,4.0,11.0
1193,1.0,-2.445452,2.5840733,1.0,-15.0,-20.0,4.0,15.0
1194,1.0,-3.1757128,3.771956,1.0,0.0,-20.0,4.0,17.0
1195,1.0,-1.8433377,1.904936,1.0,-30.0,40.0,4.0,16.0
1196,1.0,-3.2166464,3.8049147,1.0,15.0,20.0,4.0,14.0
1197,1.0,0.9249002,-1.4761872,0.0,15.0,20.0,4.0,11.0
1198,1.0,-1.9461229,2.298362,1.0,15.0,40.0,4.0,13.0
1199,1.0,-2.587066,2.861859,1.0,-15.0,0.0,4.0,13.0
1200,1.0,0.9155182,-1.4886426,0.0,-15.0,0.0,4.0,11.0
1201,1.0,-2.2524576,2.4183898,1.0,-15.0,-40.0,4.0,17.0
1202,1.0,-1.0113747,0.7253812,1.0,-30.0,40.0,4.0,12.0
1203,1.0,-3.6517994,4.5584183,1.0,0.0,0.0,4.0,15.0
1204,1.0,-1.8812926,2.0201023,1.0,-15.0,-40.0,4.0,16.0
1205,1.0,-2.5449555,3.8333626,1.0,30.0,-40.0,4.0,14.0
1206,1.0,-3.5474408,4.877874,1.0,15.0,0.0,4.0,17.0
1207,1.0,-3.6119056,4.516613,1.0,0.0,20.0,4.0,15.0
1208,1.0,-2.5046968,2.9408028,1.0,-15.0,-40.0,4.0,14.0
1209,1.0,-3.5937448,4.3081174,1.0,15.0,-40.0,4.0,11.0
1210,1.0,-3.7723646,4.672435,1.0,0.0,-40.0,4.0,17.0
1211,1.0,-0.68477976,0.38275045,1.0,-30.0,0.0,4.0,12.0
1212,1.0,-1.984614,1.999999,1.0,30.0,40.0,4.0,12.0
1213,1.0,0.6396741,-1.2187713,0.0,-15.0,-20.0,4.0,11.0
1214,1.0,-2.3074894,2.544137,1.0,30.0,40.0,4.0,11.0
1215,1.0,-3.1255848,3.9835021,1.0,15.0,40.0,4.0,17.0
1216,1.0,-2.0130422,2.2958722,1.0,-30.0,40.0,4.0,15.0
1217,1.0,-3.1829603,4.549534,1.0,15.0,-20.0,4.0,17.0
1218,1.0,-3.5417612,4.411115,1.0,30.0,20.0,4.0,17.0
1219,1.0,-0.98801196,0.82806766,1.0,0.0,0.0,4.0,11.0
1220,1.0,-3.0047202,4.107802,1.0,15.0,-40.0,4.0,12.0
1221,1.0,0.081707105,-0.5811122,0.0,-30.0,20.0,4.0,11.0
1222,1.0,-0.9546013,0.732801,1.0,-15.0,0.0,4.0,12.0
1223,1.0,-2.200673,3.3729494,1.0,30.0,-40.0,4.0,17.0
1224,1.0,-2.5827506,3.1686554,1.0,-15.0,40.0,4.0,13.0
1225,1.0,-2.1475377,2.1763637,1.0,-15.0,20.0,4.0,14.0
1226,1.0,-1.3992528,1.0596203,1.0,-15.0,-20.0,4.0,16.0
1227,1.0,-2.926363,3.2252924,1.0,0.0,-20.0,4.0,16.0
1228,1.0,-0.42735368,0.068874225,1.0,-15.0,-40.0,4.0,12.0
1229,1.0,-3.0780056,3.9152215,1.0,0.0,40.0,4.0,16.0
1230,1.0,-0.6141254,0.5602268,1.0,0.0,40.0,4.0,14.0
1231,1.0,-2.8742874,3.3087413,1.0,15.0,20.0,4.0,13.0
1232,1.0,-2.3611293,2.8193445,1.0,0.0,40.0,4.0,13.0
1233,1.0,-2.4244323,2.523718,1.0,-15.0,-20.0,4.0,17.0
1234,1.0,-0.7975171,0.31528655,1.0,-30.0,-20.0,4.0,17.0
1235,1.0,-1.888196,2.2068295,1.0,-30.0,40.0,4.0,17.0
1236,1.0,-2.604977,3.726002,1.0,30.0,-20.0,4.0,12.0
1237,1.0,-3.4135058,4.3350706,1.0,15.0,0.0,4.0,13.0
1238,1.0,-3.293576,3.9702733,1.0,-15.0,20.0,4.0,17.0
1239,1.0,-2.751424,3.5356078,1.0,15.0,40.0,4.0,15.0
1240,1.0,0.7579343,-1.3241571,0.0,-30.0,0.0,4.0,16.0
1241,1.0,-3.339546,4.554842,1.0,0.0,40.0,4.0,15.0
1242,1.0,-2.6349192,3.1758528,1.0,30.0,0.0,4.0,12.0
1243,1.0,0.31030536,-0.82951003,0.0,-30.0,-20.0,4.0,13.0
1244,1.0,1.3679081,-1.9680706,0.0,-30.0,-20.0,4.0,16.0
1245,1.0,-3.1187737,3.7982626,1.0,0.0,0.0,4.0,17.0
1246,1.0,-2.4986033,2.729175,1.0,-30.0,0.0,4.0,17.0
1247,1.0,-3.8602,5.0337925,1.0,30.0,0.0,4.0,15.0
1248,1.0,-1.9838414,2.2354329,1.0,0.0,40.0,4.0,11.0
1249,1.0,-0.55728656,0.17292581,1.0,-30.0,-20.0,4.0,14.0
1250,1.0,-2.8679738,3.813329,1.0,30.0,40.0,4.0,13.0
1251,1.0,-2.6077297,3.136665,1.0,30.0,40.0,4.0,14.0
1252,1.0,-3.8907003,5.0068216,1.0,15.0,-20.0,4.0,13.0
1253,1.0,-3.8883042,5.096709,1.0,15.0,-20.0,4.0,16.0
1254,1.0,-2.0275235,1.9958689,1.0,15.0,40.0,4.0,12.0
1255,1.0,-2.9425595,3.339949,1.0,0.0,0.0,4.0,16.0
1256,1.0,-2.9277966,4.292708,1.0,15.0,-40.0,4.0,16.0
1257,1.0,-1.732827,1.7599682,1.0,0.0,20.0,4.0,12.0
1258,1.0,-2.7070236,2.997798,1.0,-30.0,-40.0,4.0,14.0
1259,1.0,-3.7120025,5.0988536,1.0,30.0,-20.0,4.0,14.0
1260,1.0,-2.9513638,4.3206825,1.0,15.0,-20.0,4.0,15.0
1261,1.0,-2.059013,2.3488104,1.0,15.0,40.0,4.0,14.0
1262,1.0,-2.210103,2.6111505,1.0,0.0,-40.0,4.0,12.0
1263,1.0,-3.9453814,5.037322,1.0,30.0,0.0,4.0,14.0
1264,1.0,-2.8723757,3.369417,1.0,0.0,20.0,4.0,14.0
1265,1.0,-1.8483287,1.9999619,1.0,15.0,40.0,4.0,11.0
1266,1.0,-0.6780825,0.29855934,1.0,-15.0,-40.0,4.0,11.0
1267,1.0,-4.014104,5.1653824,1.0,15.0,0.0,4.0,14.0
1268,1.0,-2.4129107,2.5879517,1.0,-30.0,-40.0,4.0,13.0
1269,1.0,-0.7898928,0.56963325,1.0,-15.0,20.0,4.0,12.0
1270,1.0,-2.7035456,2.872574,1.0,0.0,-20.0,4.0,14.0
1271,1.0,-1.5411139,1.4021736,1.0,-15.0,-20.0,4.0,13.0
1272,1.0,-1.1798247,0.9340891,1.0,15.0,20.0,4.0,12.0
1273,1.0,-3.6944618,4.7257004,1.0,15.0,0.0,4.0,16.0
1274,1.0,-1.6037436,1.2270324,1.0,-15.0,-20.0,4.0,14.0
1275,1.0,0.8561219,-1.4391638,0.0,-30.0,-20.0,4.0,11.0
1276,1.0,-2.116563,2.492492,1.0,30.0,0.0,4.0,11.0
1277,1.0,-0.8876524,0.6684362,1.0,-15.0,-20.0,4.0,12.0
1278,1.0,-2.266176,3.446846,1.0,15.0,-40.0,4.0,17.0
1279,1.0,-2.8482478,3.2843413,1.0,0.0,-40.0,4.0,11.0
1280,1.0,-2.5733457,2.972604,1.0,15.0,0.0,4.0,11.0
1281,1.0,-3.322853,4.7226157,1.0,15.0,-40.0,4.0,13.0
1282,1.0,-2.9422958,3.370987,1.0,-30.0,20.0,4.0,17.0
1283,1.0,-2.195968,3.363022,1.0,30.0,-40.0,4.0,16.0
1284,1.0,-0.39100334,-0.063142724,1.0,-30.0,-40.0,4.0,16.0
1285,1.0,-3.3400874,4.737949,1.0,15.0,0.0,4.0,15.0
1286,1.0,-3.797243,4.6940036,1.0,30.0,-40.0,4.0,11.0
1287,1.0,-0.15328765,0.047024835,1.0,-15.0,40.0,4.0,14.0
1288,1.0,-1.5920776,1.4945631,1.0,0.0,40.0,4.0,12.0
1289,1.0,-0.6327676,0.29275173,1.0,0.0,-20.0,4.0,11.0
1290,1.0,-3.7513204,4.6624594,1.0,0.0,-40.0,4.0,14.0
1291,1.0,-2.7509472,3.2827082,1.0,-15.0,40.0,4.0,16.0
1292,1.0,-2.6640193,3.6861095,1.0,15.0,-20.0,4.0,12.0
1293,1.0,-2.526943,2.8121042,1.0,-15.0,0.0,4.0,17.0
1294,1.0,-2.7453637,3.2293806,1.0,30.0,-20.0,4.0,11.0
1295,1.0,-3.043499,3.5584776,1.0,15.0,-20.0,4.0,11.0
1296,1.0,-2.5853872,2.8333392,1.0,0.0,20.0,4.0,16.0
1297,1.0,-1.8550165,1.7642694,1.0,-30.0,40.0,4.0,11.0
1298,1.0,-0.40026364,0.039790224,1.0,-30.0,-20.0,4.0,12.0
1299,1.0,-2.0916553,2.4621625,1.0,-30.0,40.0,4.0,13.0
1300,1.0,-2.7585244,3.6287384,1.0,30.0,40.0,4.0,16.0
1301,1.0,-2.3108084,2.3723493,1.0,-15.0,20.0,4.0,16.0
1302,1.0,-2.824876,3.2039104,1.0,30.0,20.0,4.0,13.0
1303,1.0,0.9247422,-1.5195208,0.0,-30.0,0.0,4.0,11.0
1304,1.0,-2.6838765,2.9498734,1.0,30.0,20.0,4.0,16.0
1305,1.0,-0.41209662,0.06688779,1.0,-30.0,20.0,4.0,12.0
1306,1.0,-3.8614163,4.991369,1.0,15.0,20.0,4.0,17.0
1307,1.0,-1.4696573,1.347139,1.0,-15.0,40.0,4.0,12.0
1308,1.0,-4.1668587,5.403769,1.0,0.0,-40.0,4.0,15.0
1309,1.0,-1.6727371,1.7735784,1.0,-15.0,40.0,4.0,11.0
1310,1.0,-2.583973,2.833972,1.0,15.0,20.0,4.0,16.0
1311,1.0,-3.1364067,4.5373287,1.0,15.0,-40.0,4.0,14.0
1312,1.0,-2.135868,2.637477,1.0,-15.0,40.0,4.0,15.0
1313,1.0,-1.4270387,1.1164976,1.0,-30.0,0.0,4.0,14.0
1314,1.0,-2.4857607,2.7701547,1.0,-15.0,0.0,4.0,14.0
1315,1.0,-2.3660338,3.0868363,1.0,0.0,40.0,4.0,17.0
1316,1.0,-4.014674,5.2981696,1.0,15.0,-20.0,4.0,14.0
1317,1.0,-3.9605732,5.2420716,1.0,30.0,0.0,4.0,17.0
1318,1.0,-3.3174205,4.4752507,1.0,30.0,40.0,4.0,17.0
1319,1.0,-2.6551654,2.9839356,1.0,-30.0,20.0,4.0,14.0
1320,1.0,-3.5929017,4.3923993,1.0,0.0,20.0,4.0,17.0
1321,1.0,-1.688309,1.6989518,1.0,0.0,0.0,4.0,12.0
1322,1.0,-1.6589944,1.5657346,1.0,-30.0,20.0,4.0,13.0
1323,1.0,-3.1997764,4.5917096,1.0,30.0,-20.0,4.0,16.0
1324,1.0,-2.6671314,2.8580954,1.0,0.0,0.0,4.0,14.0
1325,1.0,-2.795625,4.0857024,1.0,30.0,-20.0,4.0,13.0
1326,1.0,-2.0358305,1.9437491,1.0,-15.0,0.0,4.0,16.0
1327,1.0,0.30025098,-0.8674079,0.0,-30.0,-20.0,4.0,15.0
1328,1.0,-2.3243794,2.5982397,1.0,-30.0,-40.0,4.0,17.0
1329,1.0,-0.80094033,0.43679357,1.0,-30.0,0.0,4.0,13.0
1330,1.0,-3.1952455,3.814851,1.0,0.0,-20.0,4.0,13.0
1331,1.0,0.29626802,-0.78809786,0.0,-30.0,-40.0,4.0,12.0
1332,1.0,-2.7343965,3.0670912,1.0,-15.0,20.0,4.0,13.0
1333,1.0,-2.5442042,3.8179405,1.0,15.0,-40.0,4.0,15.0
1334,1.0,-2.9011528,3.4653592,1.0,-15.0,-40.0,4.0,15.0
1335,1.0,-3.5784168,4.4897814,1.0,30.0,0.0,4.0,13.0
1336,1.0,-3.327637,4.1052732,1.0,30.0,0.0,4.0,16.0
1337,1.0,-2.5834787,3.8419192,1.0,30.0,-20.0,4.0,15.0
1338,1.0,-2.4493842,2.7539506,1.0,-15.0,-40.0,4.0,13.0
1339,1.0,0.13377301,-0.67199636,0.0,-30.0,20.0,4.0,16.0
1340,1.0,-3.4465818,4.151234,1.0,-15.0,20.0,4.0,15.0
1341,1.0,-2.257287,3.4315295,1.0,30.0,-40.0,4.0,13.0
1342,1.0,-1.6387235,1.4563792,1.0,-30.0,0.0,4.0,15.0
1343,1.0,-3.2275922,3.7630994,1.0,30.0,20.0,4.0,14.0
1344,1.0,-2.8394456,3.799378,1.0,30.0,40.0,4.0,15.0
1345,1.0,-2.0426962,2.1799583,1.0,-30.0,-40.0,4.0,15.0
1346,1.0,-1.6711966,1.61583,1.0,30.0,20.0,4.0,12.0
1347,1.0,-2.245514,2.4891376,1.0,0.0,20.0,4.0,13.0
1348,1.0,-1.9501437,2.113354,1.0,15.0,0.0,4.0,12.0
1349,1.0,0.7721223,-1.3607756,0.0,30.0,20.0,4.0,11.0
